0,1,2,3,4,5,6,7,8,JV_default_PCE
-0.036112994,0.0068474407,0.01772778,-0.0013077068,4.0,3.9258602,1.5994378,52.14359,0.0647163,13.095029
-0.035935067,0.0066006556,0.01736946,-0.0013516325,4.0,4.0060472,1.5996281,99.894966,0.09390368,11.206172
-0.035771877,0.0070272447,0.016839646,-0.001738208,0.3979019,3.3496735,1.5967411,49.860252,0.11622006,11.018196
-0.036047287,0.0066371397,0.017448572,-0.0013292636,4.0,3.507145,1.5996714,99.11937,0.09130494,13.475342
-0.03597313,0.0066085113,0.01731288,-0.0013694656,4.0,2.842883,1.5997946,99.85993,0.09278097,13.108077
-0.036078285,0.0067174886,0.017426101,-0.001394562,4.0,3.808925,1.5991075,99.78315,0.05867717,17.703827
-0.035945732,0.0064983414,0.01735904,-0.0012062215,4.0,3.456652,1.546599,99.46127,0.11083901,14.141897
-0.035964835,0.0066262977,0.01741867,-0.001359131,-0.0021955196,3.0249863,1.5993407,99.29513,0.08147819,16.536356
-0.035934716,0.0066460357,0.017238803,-0.0014281337,3.6891963,3.7359312,1.5988116,99.70964,0.07088846,10.815868
-0.035946608,0.0066244155,0.017433355,-0.0013361162,3.7078805,3.7547588,1.5986141,98.95654,0.057504505,12.235382
-0.035834394,0.006739055,0.017069023,-0.0014209582,0.38142648,3.2815316,1.5954518,151.66351,0.08931006,19.085476
-0.03605151,0.0066192634,0.017383534,-0.0013518983,4.0,3.5571506,1.5996629,99.77269,0.07156216,13.457011
-0.03590646,0.00657892,0.01741752,-0.001383557,0.006069374,3.1768925,1.5579731,99.136246,0.060271077,10.60805
0.01633386,0.017644549,0.0008257641,-0.0052614734,0.6089049,3.7754357,1.5970705,100.48687,0.17447157,17.161287
-0.036475398,0.006914415,0.017379042,-0.0019942713,0.5891788,2.9843254,1.5927336,110.15407,0.053861238,17.796099
-0.036001123,0.006765602,0.01733645,-0.0015227295,0.7330234,3.8613973,1.5994246,100.29097,0.13658206,14.314135
-0.036056004,0.006645168,0.017447375,-0.0013243784,4.0,3.9496937,1.5995281,98.81171,0.07001451,11.053116
0.015145299,0.016418956,-0.00015311046,-0.0060619866,0.6198277,3.7843823,1.5840682,108.74252,0.15004422,18.285616
-0.03601735,0.006669582,0.017393926,-0.0014012516,4.0,2.9257793,1.5997944,98.509705,0.03676166,20.522234
-0.035947032,0.006599002,0.017435111,-0.0013462983,0.7666586,3.1529317,1.5993927,99.30687,0.04416477,12.84195
-0.036272008,0.0067318613,0.017566903,-0.00151515,0.94803405,3.057032,1.6017983,64.525276,0.07582764,16.241966
-0.036162835,0.006719627,0.01738562,-0.0015014117,0.9611869,3.7915783,1.5992954,99.74881,0.10382603,17.995363
-0.036031913,0.006685061,0.017441923,-0.0013507662,3.708669,3.3778849,1.5985389,99.10678,0.029522685,18.729862
-0.035954908,0.0066217263,0.017472511,-0.001322386,3.8097234,3.8814776,1.5992573,99.30587,0.04236537,17.174532
-0.035950247,0.0066205086,0.017601013,-0.0012993349,0.96133596,2.4897034,1.5992677,100.6615,0.09192608,14.673606
-0.035715226,0.0066998624,0.017034173,-0.0013527557,3.750231,3.2721176,1.5987422,8.747506,0.07084913,11.475661
-0.0359315,0.0066734725,0.017107595,-0.001720456,0.57117534,2.7436182,1.5975653,117.071045,0.124708936,20.67318
-0.03597216,0.0065913503,0.017466309,-0.0013550569,4.0,3.080226,1.600046,99.296455,0.0893842,15.760203
-0.03612925,0.0066789733,0.017461931,-0.0014659981,0.4880653,3.4501715,1.5875639,98.53423,0.10589267,15.479222
-0.035898693,0.006668253,0.017399788,-0.0013746548,0.0061794803,2.9191618,1.6000808,100.22307,0.07018854,10.176593
-0.03601108,0.0065844906,0.017176013,-0.001334365,4.0,3.6120205,1.5443401,105.628494,0.055661716,11.882963
-0.03611521,0.0066996245,0.017440083,-0.0014964632,0.34761304,3.2359753,1.5750313,98.82507,0.10041961,18.362343
-0.035983175,0.0066722133,0.017430456,-0.0013459682,3.7071557,3.5368967,1.5994822,69.07871,0.09130387,12.240024
-0.03589775,0.0066028987,0.017383901,-0.0013970553,0.96435755,2.9641688,1.6004066,65.37615,0.06939098,17.864283
-0.035813473,0.006726869,0.017057842,-0.0015597565,0.00395542,2.8343525,1.5979401,123.74859,0.1261815,20.384733
-0.03597748,0.0066838623,0.017454717,-0.001363901,3.7043207,3.4185944,1.5993108,98.6378,0.09596461,15.606635
-0.03595782,0.006627813,0.017496118,-0.001314718,0.5462372,3.0349338,1.599792,99.764786,0.09492712,13.356923
-0.036090713,0.0067231674,0.017521074,-0.0013785443,3.710809,3.272607,1.5996428,69.19039,0.056467846,12.475223
-0.035967484,0.006668757,0.017458808,-0.0013302201,0.4821328,2.7605271,1.6000146,99.20372,0.10240472,12.471357
-0.03608299,0.0067383125,0.017490918,-0.0014451155,3.7122223,3.4890606,1.5999546,68.917274,0.087293595,11.263461
-0.03603429,0.0066874037,0.017359592,-0.0014190569,3.7119033,2.8730347,1.5520698,68.810425,0.07681925,11.081403
0.017189855,0.01916695,0.0026406588,-0.0051662955,0.6009966,3.7587678,1.599812,100.66067,0.11105416,15.2676525
-0.0359898,0.006700842,0.017515235,-0.0013528714,3.705303,3.0490963,1.5486795,69.25842,0.0901622,13.70954
-0.036089126,0.0066587776,0.017424872,-0.001375348,4.0,2.6419036,1.5991142,99.81704,0.062481117,14.039599
0.029446404,0.025692377,0.012927891,0.006101269,0.85225314,3.2319436,1.4738259,46.1175,0.11121794,14.664612
-0.036048997,0.006680712,0.017435832,-0.0014011946,4.0,2.6765087,1.5995247,99.284966,0.05374037,14.298874
-0.035978604,0.006598009,0.017382577,-0.0013714939,4.0,2.9408379,1.6001631,99.82326,0.13947034,12.643979
-0.03605319,0.0066610514,0.017487014,-0.001366543,3.6964288,3.3955173,1.4957707,97.547295,0.09339853,10.905446
-0.035912424,0.0066968524,0.017213954,-0.0015843764,0.80802715,2.979763,1.5996484,121.93523,0.044957433,10.9663
-0.036126155,0.006700788,0.017404495,-0.0015334924,0.9675904,4.010099,1.6002288,99.357254,0.06096707,19.810366
-0.03602631,0.0066778795,0.017429918,-0.0014038036,-0.0030074231,2.9763532,1.6000954,96.42572,0.106633015,11.497921
-0.035992242,0.0066255615,0.01749592,-0.0013290535,0.60812265,2.9924116,1.5997866,98.80178,0.09002822,18.386839
-0.035939083,0.0066433256,0.017306497,-0.0015694862,0.2845931,2.8741007,1.5990326,117.11694,0.07269597,17.53297
-0.036302265,0.0068553663,0.017536882,-0.0012182322,3.9617562,3.443125,1.4895142,106.87643,0.09260944,14.404529
-0.035917625,0.0066055134,0.017402874,-0.0013409221,0.003987716,3.023495,1.5992991,99.95057,0.06588623,12.172595
-0.036007572,0.0066505405,0.01743701,-0.0013797043,0.5577371,2.683027,1.5995448,98.7596,0.085765965,17.924122
-0.03600454,0.00668326,0.017502053,-0.001452021,0.91489923,3.0305703,1.6005821,94.11258,0.11746555,17.00205
-0.035974346,0.0066051777,0.017329084,-0.0013490824,4.0,2.9147875,1.6001087,99.84714,0.1195614,11.911897
-0.03592326,0.0066093085,0.017314442,-0.0013591541,3.7116888,4.121904,1.5985385,67.75603,0.051537603,10.5029125
-0.036002938,0.0065133283,0.017631082,-0.001227232,0.8995696,3.5873518,1.6006285,100.73302,0.09065961,10.138298
-0.035946686,0.0066405237,0.017342517,-0.0014414154,0.006378964,3.5436945,1.5998241,99.47972,0.06662716,11.334214
-0.03593279,0.0066213044,0.017483251,-0.0012993519,3.6992524,4.180905,1.5991856,96.85133,0.10217479,15.123748
-0.036041167,0.006683715,0.01756021,-0.0012966677,-0.005083373,3.0125167,1.5998653,99.492615,0.111845516,12.037481
-0.03602483,0.00660819,0.017389957,-0.0013528535,4.0,3.9490917,1.5993749,98.765495,0.07305428,12.405497
-0.03601012,0.0066395737,0.01750338,-0.0013227052,0.002054319,3.0350685,1.5995768,99.269035,0.09166111,12.9133005
-0.035901166,0.0065760557,0.017345153,-0.0013789413,0.6237765,2.5112665,1.6002289,97.11223,0.065919004,19.464117
-0.035954885,0.006617465,0.017346554,-0.0013359183,4.0,3.7191963,1.5994987,99.57142,0.100082874,11.231717
-0.03600622,0.006675747,0.01745892,-0.001361323,3.7039135,3.1707177,1.599914,68.98044,0.077842556,13.648792
-0.036062602,0.0066844905,0.017510196,-0.0013472312,3.7104259,3.3011062,1.5991734,70.19671,0.05609273,11.045561
-0.03593722,0.0065970835,0.01737578,-0.0013346351,4.0,3.9975574,1.5995913,99.51238,0.09654474,11.402689
-0.035883904,0.0065611615,0.017367188,-0.0013464829,0.9465276,2.9418485,1.5556906,99.01201,0.08947729,11.905362
-0.035902765,0.0066415835,0.01730208,-0.001420107,3.7053719,3.52722,1.592799,114.14148,0.062912606,16.812954
-0.03596783,0.0065922574,0.017508592,-0.0012920658,0.592302,3.00384,1.5998539,97.87514,0.10785586,15.004557
-0.03611519,0.006723578,0.017544413,-0.0013755646,3.7119808,3.479164,1.599564,69.58173,0.14161791,11.76915
-0.036102887,0.0066901767,0.017555023,-0.001363189,0.7346674,3.0791042,1.6000873,104.96274,0.028327255,13.20306
-0.0360447,0.0066653206,0.017456269,-0.0013520744,4.0,3.699193,1.5993942,99.771385,0.068385914,13.878248
-0.03591763,0.0066677732,0.017372673,-0.0013449725,3.7043834,4.2556305,1.5989974,69.36777,0.12163805,15.67487
-0.036049563,0.006674964,0.017457666,-0.0013840735,-0.001338552,3.4377658,1.5992135,100.0353,0.08843181,16.670294
-0.036093373,0.006701895,0.017474074,-0.0014014831,4.0,2.7992222,1.599746,99.58071,0.085229576,18.47385
-0.03588624,0.006618107,0.01724766,-0.0013755679,2.478775,3.2247543,1.6004446,101.28469,0.07060191,10.413109
-0.035985667,0.00670621,0.017456163,-0.0013492595,3.7106836,3.424794,1.5666087,67.96888,0.089752994,16.24473
-0.035894286,0.006492963,0.017336123,-0.001228445,4.0,2.6257577,1.545348,100.88479,0.13647276,16.860712
-0.035951342,0.0066158324,0.017405536,-0.0013572349,0.0034089438,3.0027544,1.5989937,99.42622,0.0675625,16.588306
-0.036010887,0.0066870153,0.017472986,-0.0013406058,0.32756826,2.9558005,1.5994797,99.353355,0.08860835,12.595685
-0.036028344,0.0066424403,0.017381001,-0.0013568378,4.0,3.760504,1.5994232,99.616165,0.04040731,13.149053
-0.03598249,0.006645693,0.017428124,-0.0014113125,0.59935033,3.7622855,1.5997082,99.68367,0.11618596,14.583906
-0.035987437,0.006645389,0.017469235,-0.0013516396,0.58570796,2.8867872,1.5997769,97.01517,0.09721225,17.2302
-0.036050156,0.00656127,0.017345537,-0.0013987286,0.9202617,2.8020425,1.5563992,99.64291,0.035599247,10.356477
-0.03588502,0.0066510076,0.01740795,-0.0013563114,3.7064157,3.4748135,1.5992002,98.06022,0.09108443,10.840639
-0.03594135,0.0066419696,0.017464902,-0.0013653707,3.7046213,3.0764446,1.5312784,71.72924,0.1686042,11.026548
-0.035968814,0.006556363,0.01716704,-0.0013765245,4.0,2.4248977,1.5985368,99.67306,0.075833365,10.505009
-0.03617938,0.0066476916,0.017698592,-0.0013122237,4.0,2.169629,1.5997096,98.68356,0.06112775,16.785824
-0.035918936,0.0066200574,0.017341882,-0.0013952494,0.004225654,3.0217702,1.5985456,99.875046,0.060353324,16.296232
-0.03573305,0.00651449,0.017364733,-0.0013400477,0.008461824,3.0228443,1.560198,99.550995,0.0950816,11.263392
-0.0358812,0.0066608097,0.017384863,-0.0013861929,3.6918569,2.8056314,1.5993775,92.40778,0.10736381,14.401605
-0.035959072,0.0066726417,0.017347835,-0.0013854767,4.0,4.009254,1.5994916,92.53675,0.061355297,10.329211
-0.036030054,0.006582463,0.017370662,-0.0013884129,4.0,2.9141283,1.6000007,99.54308,0.08162087,12.510853
-0.035974193,0.006637887,0.017535774,-0.0013372952,0.9608909,3.7774932,1.6000668,99.494125,0.05011117,15.751165
-0.036134668,0.006685114,0.017573634,-0.001325553,0.9273555,3.313699,1.599187,101.27655,0.051788397,13.512744
-0.03593679,0.0066272337,0.017374102,-0.0013556787,0.0029604065,2.9685,1.5988699,99.69938,0.056835808,16.214235
-0.035992123,0.0066476287,0.0172901,-0.001429407,4.0,3.8316762,1.5996884,99.56296,0.035337847,12.7443905
-0.035878275,0.006648842,0.017292563,-0.0014104168,0.004087458,2.5130007,1.5991137,99.53919,0.069566324,12.092937
-0.03611638,0.0066425037,0.017432638,-0.001463027,0.44337335,3.165165,1.6024656,79.68974,0.05387828,15.958025
-0.03592626,0.0067023668,0.017308395,-0.0014408791,3.9999993,4.0470953,1.5993353,96.49084,0.1778016,15.567432
-0.035971195,0.0066673975,0.017393801,-0.0013803327,4.0,3.0288994,1.6002077,82.30005,0.076806374,16.396217
-0.0359866,0.006662441,0.017485915,-0.001315617,-0.0056713084,3.025232,1.5999776,98.79469,0.10060151,14.340128
-0.036053404,0.0066934875,0.01752542,-0.001326512,3.994799,3.3859496,1.5996406,98.797386,0.073833235,20.461746
-0.035974845,0.006716173,0.017368855,-0.0014465079,-0.001199905,2.5318599,1.5990785,99.509094,0.1013863,13.340825
-0.03599877,0.006635005,0.017483398,-0.0013522321,0.6002609,3.1944005,1.5997216,99.00572,0.08991868,17.422626
-0.036075607,0.0066148033,0.017395971,-0.0014430679,0.5502105,3.2294853,1.5711178,99.20553,0.10745643,13.712286
-0.035931088,0.0066135274,0.017374737,-0.0013723022,0.9920534,3.0069063,1.5991765,99.38857,0.059217848,15.855142
-0.036156837,0.006386929,0.017484851,-0.001544918,0.8966188,3.0585613,1.601955,79.69426,0.08310476,16.832497
-0.035979312,0.007078932,0.016718918,-0.0017398222,0.49448746,3.8689778,1.5927619,50.51828,0.15787774,15.477544
-0.036025405,0.0067100655,0.01751543,-0.0013376969,3.709518,3.33948,1.5488448,70.15058,0.098944664,15.412784
-0.036030438,0.0066098273,0.017295144,-0.0015011549,0.54339284,3.3848624,1.5991315,99.93991,0.063552104,18.50946
-0.036077484,0.0066902135,0.017612448,-0.0013398154,3.707761,3.038836,1.5470525,68.91808,0.09530152,11.8313265
-0.036213446,0.0067132995,0.017767515,-0.0013464753,4.0,3.0629687,1.6000729,93.49749,0.019709643,10.285804
-0.036051825,0.0068228235,0.017221402,-0.0016061368,-0.0017642569,3.1530948,1.6006017,84.54281,0.103736274,12.333371
0.013768286,0.0154612595,-0.0007430995,0.00190398,0.57637596,3.3783896,1.5738304,98.38626,0.1107719,14.343056
-0.03607696,0.006670419,0.017462717,-0.0013848256,0.27840385,3.3940241,1.5993421,99.62159,0.098299325,16.342133
-0.035983987,0.006570421,0.017515913,-0.0013291456,0.6146936,3.6115005,1.6000212,99.49058,0.040837854,14.411031
-0.035987627,0.0067520943,0.01735366,-0.001505616,0.0071851593,2.8968306,1.5384263,97.862236,0.109983295,14.098086
-0.03595468,0.00658286,0.017373715,-0.001316879,4.0,3.8792179,1.5996984,99.74303,0.09100278,11.60101
-0.035965696,0.00666534,0.017384717,-0.0013911895,3.9973729,3.8012905,1.5993463,96.80158,0.087329,13.274854
-0.03604668,0.006650556,0.017515829,-0.0013285563,0.40151054,2.8924603,1.599357,96.12793,0.0863635,17.94793
-0.03583384,0.006653978,0.017254611,-0.0015523736,0.7450417,3.4208167,1.5544163,103.207535,0.068730034,11.769334
-0.035990786,0.006627447,0.017488902,-0.0013225249,0.49709412,3.0117824,1.5996187,99.751205,0.08304099,14.990512
-0.036173396,0.0067193364,0.017336102,-0.0017024842,0.28706697,2.84296,1.598432,111.83358,0.028484713,18.421143
0.030222077,0.025849026,0.013718799,0.0068204724,0.6720221,3.0285587,1.4757576,49.033733,0.10077637,16.636105
0.015824294,0.01706665,0.00021349176,-0.0050963834,0.6141082,3.7529755,1.5990151,100.192535,0.16349219,16.989988
-0.03604067,0.0066337883,0.017424522,-0.0013878766,0.54896396,2.9957209,1.5994538,100.54677,0.08565082,17.6659
-0.035958666,0.0066277254,0.017481657,-0.0013104995,0.0023490377,3.0245562,1.5996268,99.67816,0.088579975,12.339819
-0.03605094,0.006719102,0.017490743,-0.0013758602,0.00677042,3.0551746,1.5996612,99.24727,0.0478935,10.281992
-0.035911016,0.0064957566,0.017608888,-0.0012225674,0.6424585,3.391584,1.6041883,98.44911,0.015589228,13.078893
0.014660355,0.015127233,-0.00081415643,-0.004843191,0.6080272,3.7805922,1.6051316,100.39637,0.16521876,15.298719
-0.036148258,0.0067254156,0.017519655,-0.0013924539,4.0,2.825239,1.5997076,84.84265,0.073395066,16.383856
0.031633362,0.026224552,0.015307819,0.008094004,0.8310841,3.008341,1.4442313,39.07324,0.06530764,14.501193
-0.035954483,0.006698208,0.017363532,-0.0013986842,3.7076213,3.008731,1.5991106,99.94265,0.081735305,12.8669405
-0.036033228,0.0066272235,0.017258132,-0.0014109442,4.0,3.904802,1.5496659,100.074005,0.074529946,14.330886
-0.03611517,0.0067110946,0.017466923,-0.0014271054,0.001150635,3.7950487,1.599256,99.62227,0.1306011,15.765923
-0.035971787,0.0065448824,0.017450154,-0.001328817,0.0048340186,2.9822013,1.5991483,99.39072,0.034608837,12.67709
-0.03604871,0.0066342843,0.017512985,-0.0013545059,0.54983014,3.5759552,1.5997031,98.601,0.09309743,17.585455
-0.035933167,0.0066659083,0.017284522,-0.00140522,1.0031377,3.158847,1.5988933,106.99896,0.13636751,14.345056
-0.035894904,0.0066586696,0.017338665,-0.001413802,-0.00018641488,2.3694954,1.5995184,100.06004,0.10992691,13.070706
-0.036124196,0.0067176204,0.017624816,-0.0013082247,4.0,3.6107724,1.599158,94.475655,0.030985713,16.44538
-0.035935823,0.0066359215,0.017336188,-0.0013890639,3.7085283,3.7516599,1.5985048,99.120895,0.056306332,14.338129
-0.036084726,0.006666546,0.017443812,-0.0013985723,0.6166959,3.6874063,1.5993665,99.01637,0.07991182,17.436058
-0.03616299,0.0067603313,0.017602148,-0.0013960496,2.8326583,3.4166012,1.5995075,87.678986,0.042116243,15.475998
-0.035941098,0.006646008,0.017415114,-0.0013429145,-0.0022850467,2.9853826,1.5989996,99.14879,0.07047914,16.738949
-0.035996795,0.0067449184,0.017371405,-0.0014266857,3.7056253,3.0308714,1.5991448,101.246,0.11913193,12.328761
-0.035847973,0.0065192576,0.017453648,-0.0012650653,0.6206935,2.9483778,1.6003177,98.991196,0.04254917,17.421562
-0.0360222,0.0065796464,0.017633481,-0.0012581702,0.62641317,3.2735443,1.6009384,100.11048,0.046930507,11.675918
-0.03602481,0.006625248,0.017502826,-0.0013151425,0.5063861,2.9299634,1.5995041,97.40485,0.08063714,18.495901
-0.035927486,0.006626145,0.017398654,-0.0013288382,0.00064741995,2.7979302,1.5995302,99.30558,0.09327003,10.4348545
-0.03591756,0.0066135093,0.01731936,-0.0013697743,3.7037022,4.162087,1.5985312,76.12452,0.048793204,10.833034
-0.035873283,0.006612906,0.017303603,-0.0013828105,0.6001069,2.8504865,1.5991901,62.544605,0.08188943,15.742371
-0.036075283,0.006733065,0.017461387,-0.0014152165,3.7049193,3.4939573,1.5996727,68.85859,0.11930893,14.588608
0.025364712,0.025258834,0.0076236688,0.005606138,2.914724,3.4063299,1.4953249,42.22739,0.09264329,12.286072
-0.036049485,0.0066766767,0.01747644,-0.0013833615,4.0,2.6830218,1.5994633,99.50984,0.047987193,17.935463
-0.03609815,0.006702503,0.017607203,-0.0013324562,3.4165766,3.2586923,1.600003,77.96058,0.053118043,13.556607
-0.035950646,0.006665847,0.017272644,-0.0014649726,4.0,2.7679093,1.5996214,99.4434,0.05108978,12.306039
-0.03603646,0.0066975937,0.017526463,-0.0013148271,0.005715471,3.0494838,1.6355568,98.541504,0.09768606,15.350846
-0.035914645,0.006597219,0.017447852,-0.0013263085,0.6101172,2.7098334,1.5998169,98.547,0.079795964,18.431074
-0.03603353,0.00676608,0.017210944,-0.0016379752,0.9329612,2.5149293,1.6005226,65.60555,0.1241679,15.602261
-0.03603951,0.006675771,0.01740603,-0.0014344343,0.33686903,3.2634144,1.5536919,97.63412,0.11679435,19.045864
-0.03592314,0.0066208043,0.017340945,-0.001385072,3.7083654,3.7277029,1.5985715,99.6491,0.054697644,13.6755705
-0.03618078,0.006638381,0.01744046,-0.0016130904,0.9458592,3.0443628,1.5682915,94.717926,0.07422814,18.738342
-0.03609822,0.0066977656,0.017453207,-0.0014202264,4.0,2.872502,1.5997812,99.28443,0.06552684,17.889332
-0.03590814,0.0065500485,0.017402649,-0.0012995587,0.37714157,2.9087944,1.5992229,97.919014,0.08187548,18.424673
-0.03595522,0.0065616965,0.017373674,-0.0013619888,0.0078107985,3.0139487,1.5990714,99.268265,0.032650065,11.399703
-0.03609907,0.0067112003,0.017527012,-0.001389723,-0.0049097263,3.7502894,1.5993137,99.52587,0.110201545,16.343758
-0.036054112,0.0066792057,0.017520497,-0.0013699085,0.2864231,3.5234675,1.5995206,98.02231,0.109648824,19.014277
-0.03592909,0.006518705,0.017362367,-0.0012893067,4.0,3.0879514,1.5499223,100.391495,0.0995298,13.13292
-0.035973515,0.006705762,0.017427614,-0.0013746468,4.0,3.6735723,1.599672,83.62455,0.101201065,12.865477
-0.035977792,0.006642437,0.017520892,-0.0012814254,-0.0019065089,3.0541568,1.5998689,99.31785,0.10668594,13.878482
-0.03599861,0.0065820226,0.017450951,-0.0013200801,3.785494,3.9646482,1.5987754,98.33246,0.03485498,12.109143
-0.035904586,0.0066561284,0.017410928,-0.001309839,3.6992965,3.1306481,1.5998636,70.50126,0.1193683,16.294737
0.01533899,0.016421292,0.0004220321,-0.0051976424,0.57883984,3.5590348,1.6038512,98.81583,0.09125202,10.447689
-0.036087234,0.0067226808,0.01743266,-0.0014056619,3.7246232,3.3067904,1.5991838,69.31288,0.039462198,10.107631
-0.035948213,0.0066595753,0.017293775,-0.0014398837,0.59533674,2.8530793,1.5986844,62.951653,0.07576745,16.285757
-0.03599439,0.0066588074,0.017484933,-0.0013423021,0.9803363,2.9865701,1.5995648,99.63422,0.093529165,13.240055
-0.035885815,0.0066403253,0.017407492,-0.0013541462,-0.003735658,2.750497,1.5999333,100.005585,0.11836489,12.053327
-0.035959274,0.0066476986,0.017331224,-0.001395951,0.0004851894,3.0295208,1.5988643,99.70719,0.06372029,13.438207
-0.036133792,0.0067445836,0.017483246,-0.0014160433,3.7095947,3.5209928,1.5993525,68.73136,0.09702475,14.779513
-0.035852853,0.006781135,0.017025238,-0.0014934902,4.0,3.7149684,1.5007678,85.928116,0.094216935,16.636818
-0.035973392,0.006591334,0.017448751,-0.0013589506,0.8758622,3.1079967,1.5991858,99.18864,0.05680565,16.254705
-0.036011096,0.0066494383,0.017469302,-0.0013275743,4.0,3.654334,1.5995125,98.92599,0.07899901,12.905615
0.029392766,0.025806094,0.014672193,0.006406712,0.9560679,3.3943179,1.4777888,47.130245,0.11270838,13.901464
-0.03592508,0.006659106,0.017337099,-0.0014192326,4.0,2.99581,1.6001009,100.00425,0.15934446,10.349328
-0.035970673,0.0066089416,0.01735614,-0.0013911787,0.39134258,2.947764,1.5834986,96.79676,0.07728793,19.947592
-0.0359954,0.006637227,0.017312065,-0.0014450471,0.012311944,2.7370064,1.6265433,99.844536,0.028855896,16.684439
-0.036003616,0.0066363085,0.017507054,-0.0013174285,0.4602817,2.9337413,1.5996156,97.303215,0.091578506,17.78287
-0.036018882,0.006721795,0.017488822,-0.0013505074,4.0,3.9400868,1.5991434,99.97203,0.13015613,17.610096
-0.0360057,0.006673908,0.017555257,-0.0013045246,-0.006445208,3.039719,1.6194543,99.81447,0.1160024,13.400841
0.015315407,0.013911255,-0.0021486792,-0.0054327166,0.6037797,3.6706572,1.6260681,98.66078,0.15344492,15.776784
-0.035964116,0.006673872,0.017413193,-0.0013635473,0.00028089914,3.053651,1.5998648,100.00378,0.080287054,10.180217
-0.035991427,0.006667534,0.017386483,-0.0014227835,3.7044353,3.0481234,1.5777575,70.44168,0.0661307,14.23421
-0.035939783,0.0066350414,0.017417682,-0.001383445,0.9517763,3.2180839,1.599619,99.94246,0.09105165,18.772459
-0.03593624,0.0066845687,0.017446565,-0.0013660218,3.708652,3.668095,1.5995581,99.03249,0.16091609,14.840039
-0.03601523,0.0066632368,0.017511401,-0.0013004802,0.9432174,2.9580002,1.5998267,99.31518,0.10338047,12.831056
-0.035871763,0.0066240025,0.01733002,-0.0013979396,0.015937496,3.2621677,1.5951699,118.062675,0.1112643,10.875308
-0.036035407,0.006667421,0.017330332,-0.001469947,0.8833364,3.9127684,1.5995215,100.2259,0.08568014,17.221525
-0.035983432,0.006596806,0.017473254,-0.0013123234,0.5797191,2.9340105,1.5998598,96.34572,0.08322146,19.219172
-0.03597946,0.0066056233,0.01744592,-0.001297037,0.3596921,2.9545033,1.5990225,97.29645,0.06615311,19.02855
-0.03601257,0.0066428715,0.017514551,-0.0013423011,0.97730994,3.038309,1.5996264,100.0495,0.091491014,15.071918
0.014893884,0.016588897,0.00042819645,-0.006492564,0.6222266,3.6542609,1.6648351,99.76836,0.042952295,17.09837
-0.036006395,0.0066136788,0.017376311,-0.0013501679,4.0,3.3516366,1.5997654,98.46282,0.045215257,13.126341
-0.036057703,0.006628922,0.017509397,-0.0014325137,0.9704297,3.1430542,1.6019297,64.16532,0.06181075,14.864871
-0.03591044,0.0066267857,0.017397502,-0.0013230531,3.7055264,4.094862,1.5988723,69.13891,0.1010392,13.900324
-0.036027472,0.0067026666,0.01745386,-0.0013912362,4.0,2.6133106,1.599513,99.33212,0.0702144,17.4415
-0.035934366,0.006629914,0.017415687,-0.0013308249,4.0,3.9967082,1.5992972,87.29811,0.082279555,12.110132
-0.03605452,0.00644724,0.017747639,-0.0011844272,0.9665343,3.6520126,1.6089092,97.457,0.012918373,14.220025
-0.035863485,0.0065351594,0.017368399,-0.0012742738,0.009239328,3.7224686,1.6006156,99.10994,0.058379296,10.0721245
-0.036009327,0.0066100378,0.017475795,-0.0013218775,0.9655861,3.022215,1.5995905,99.58114,0.04298412,10.88501
-0.035998933,0.0066862334,0.017445505,-0.0013672304,3.7060528,3.629399,1.5995504,68.95079,0.1028218,13.943887
-0.03600238,0.006616199,0.017437292,-0.0013547372,0.46875396,2.769951,1.5996135,95.53649,0.07942395,19.41371
0.028480532,0.025309185,0.01230841,0.005278637,0.8039824,3.309052,1.4935503,52.340904,0.12726465,14.936674
-0.035905913,0.006549724,0.017225148,-0.0013607773,4.0,2.7101336,1.5502007,100.775566,0.097615495,15.222012
-0.035959855,0.0065931343,0.017427243,-0.001319327,4.0,3.352127,1.5999268,98.86469,0.040981725,13.67617
-0.03595257,0.0066723437,0.01744433,-0.0013511447,-0.0034289223,3.01999,1.6243073,99.60714,0.12543651,14.3621025
-0.03589165,0.006604056,0.01738139,-0.0013857604,0.61245006,2.6681995,1.5999249,99.007675,0.08571733,17.63838
-0.0358795,0.0066453097,0.017300552,-0.0013876201,3.706701,3.6233788,1.5980747,107.054245,0.056665596,17.105621
-0.0360042,0.0066439314,0.017503683,-0.0013229332,0.5217244,2.881096,1.599862,94.7434,0.09658324,17.252785
-0.03587708,0.0065773353,0.017148377,-0.0014377049,4.0,2.8380387,1.5998303,100.048676,0.1031981,10.222872
-0.03609649,0.0068223695,0.017367005,-0.0015210016,0.011920188,3.235215,1.6001858,79.12788,0.13490282,12.543204
-0.036023673,0.006763472,0.017302955,-0.0015019197,3.7177453,3.4053895,1.5994971,146.64589,0.10804789,15.623417
0.015444379,0.016894389,-7.800571e-05,-0.0058224173,0.6074728,3.5928853,1.5855511,105.65428,0.05764301,18.882488
0.02673576,0.025400251,0.011677195,0.006109038,2.5704174,3.5130494,1.4811767,34.252697,0.068076834,17.438547
-0.035923455,0.006642201,0.017373584,-0.0013589157,4.0,4.0846605,1.5993428,88.96356,0.12776455,12.861843
-0.036091927,0.006667331,0.017487314,-0.0013747228,4.0,2.9308162,1.5998204,99.98336,0.07267678,16.268435
-0.036016464,0.006664533,0.017433329,-0.0014344609,0.0012234885,3.5908887,1.582451,99.52906,0.11613006,13.415308
-0.03598649,0.0066246754,0.017437637,-0.0013550215,0.52191484,3.0126235,1.5994016,98.64398,0.07736171,17.203835
-0.035846062,0.0066260854,0.017398667,-0.0013509144,0.94944733,2.8231726,1.6001289,99.17526,0.113159426,16.501696
-0.03598305,0.006764653,0.017328309,-0.0015288268,0.7900106,3.1194284,1.6007184,105.46135,0.070957474,11.208138
-0.036083966,0.0066958345,0.017550528,-0.0013314482,-0.0011976517,2.9756627,1.631711,98.83889,0.095936954,12.888442
-0.035947453,0.0066279154,0.017466994,-0.0013226221,0.0016640645,3.0334446,1.5996592,99.566536,0.09256271,12.612707
-0.035993952,0.0066835857,0.01738647,-0.001401043,0.4974324,2.4061968,1.5995866,98.65632,0.11953553,14.532284
-0.036042675,0.006665181,0.017429952,-0.0013530796,4.0,4.0271163,1.5991323,99.22308,0.08705901,12.649061
-0.035894897,0.0066457214,0.017438892,-0.001326503,3.9972365,4.0598764,1.5994438,94.46042,0.085955724,17.566622
-0.035979807,0.0065935296,0.017467394,-0.0013386161,0.0038077605,3.0771222,1.599228,99.46643,0.063350305,14.599068
-0.03600401,0.0065661464,0.017299775,-0.0014085872,4.0,2.907447,1.6000178,99.21753,0.06404379,10.926433
-0.035941374,0.0066083623,0.017502341,-0.0012977495,0.9465931,3.0489433,1.600207,99.434006,0.10156951,13.989927
0.016578613,0.018527498,0.0017755916,-0.0050317887,0.58811146,3.614277,1.5387087,99.55988,0.1536683,20.955557
-0.035995934,0.0065783653,0.017290318,-0.0013680591,4.0,2.7046278,1.5993139,99.24393,0.0739448,11.798269
-0.036104206,0.006699755,0.017446043,-0.0014455518,4.0,2.9312775,1.5997305,99.719826,0.06943831,17.554422
-0.03612591,0.0067606354,0.017470218,-0.0014512037,3.7098477,3.5102243,1.5995114,68.7292,0.08603964,13.693682
-0.03597916,0.0066063763,0.017352378,-0.0013674821,4.0,2.952858,1.6001623,99.86501,0.1304278,11.871266
-0.035965964,0.0066692587,0.017280566,-0.0017304352,-0.66791207,2.8734174,1.5938903,99.60466,0.113018654,16.609081
-0.03613597,0.006722087,0.017623855,-0.0013332716,4.0,2.8844783,1.6003478,64.73603,0.082120076,17.063082
-0.035941325,0.006621548,0.017450262,-0.0013196325,0.00013248825,3.0079837,1.599263,99.6048,0.08930529,15.566439
0.0162964,0.017962266,0.0007350685,-0.0058479654,0.5988287,3.5877323,1.5216928,99.434044,0.18486892,20.251253
-0.035946596,0.0066041816,0.01744232,-0.0013397601,0.96124434,3.0050852,1.5995402,99.345,0.058401346,13.59869
-0.035957284,0.00667474,0.017508915,-0.0013879511,0.9503622,3.0250869,1.6002073,99.71538,0.05917875,10.57067
-0.035944693,0.006615251,0.017196245,-0.0014413762,4.0,2.632096,1.5993166,99.9544,0.089317806,10.540679
-0.03595545,0.0066298065,0.017427688,-0.0013577848,0.0004114346,3.0195847,1.59917,99.47667,0.07541618,14.6322365
-0.035894696,0.0066002076,0.017459463,-0.0012729958,4.0,3.9927347,1.5993949,87.13236,0.0364707,11.544509
-0.035898063,0.0066160574,0.01741132,-0.0013244096,0.9876932,3.1959586,1.599581,99.68776,0.09072767,14.362296
-0.0359641,0.0066079455,0.01747351,-0.0013374551,0.00094799703,2.9978056,1.5991082,99.3291,0.07376422,15.259048
-0.035941347,0.0065845964,0.017493935,-0.0012855754,0.5676164,2.8903515,1.599857,97.248924,0.10851442,17.240488
-0.03593512,0.0066819387,0.01742473,-0.0013549303,3.9997885,3.985785,1.5993719,99.39508,0.16009767,15.731207
-0.03592218,0.006651785,0.0174629,-0.0013142148,0.00028690766,2.965745,1.6000979,99.78033,0.10324268,12.028217
-0.035977762,0.0067920177,0.017380254,-0.0015670774,4.0,3.0818014,1.6069728,62.110622,0.05736099,14.229166
-0.036202736,0.00678507,0.017436631,-0.001365528,3.7195976,3.3235042,1.5877359,143.66388,0.12496294,19.008627
-0.035924923,0.0066460944,0.017481709,-0.0013329543,0.60702586,3.0056517,1.6000669,99.43341,0.11167482,13.724139
-0.03594838,0.0066570244,0.017325174,-0.0014176471,3.9999993,3.9020119,1.5992445,99.79856,0.058388233,10.832573
-0.035990138,0.00669175,0.017584417,-0.0013653925,0.009400958,3.2946339,1.5986489,131.08968,0.09502116,13.73752
-0.03597071,0.0066454033,0.017483808,-0.0013038089,-0.005721029,3.2022338,1.6001117,99.64837,0.11238202,11.279941
-0.03584304,0.0066337935,0.017303955,-0.0013860847,3.7036138,3.7716224,1.599353,69.38635,0.16418877,11.364522
-0.0359234,0.006615335,0.017419938,-0.0013307239,3.707867,3.786696,1.5986079,98.70492,0.055311393,11.942224
-0.036009077,0.0066246823,0.017502863,-0.00137111,0.95637923,3.679022,1.6035643,99.64164,0.04806753,14.490171
-0.03608296,0.0065805716,0.017476812,-0.0013760141,0.6225909,3.7929873,1.6000551,99.19769,0.059563044,17.61099
-0.035954107,0.0066265455,0.017448211,-0.0013617466,0.007288957,2.9401848,1.6002425,99.16986,0.046205427,10.025816
-0.03598048,0.006612633,0.017381957,-0.0013342885,4.0,3.9232295,1.5995629,99.28023,0.088245146,11.450488
-0.036028672,0.0066600787,0.01746992,-0.0013431709,0.36053005,3.1802197,1.5997218,99.746765,0.101461396,15.795166
-0.03604896,0.006728156,0.017544834,-0.0013307268,3.7070982,3.1888921,1.5470996,69.65258,0.1049503,14.294218
-0.03591162,0.0066559734,0.017401593,-0.0013852944,0.9520442,2.6343968,1.6000499,99.54121,0.09842234,10.951694
-0.035919603,0.0066265333,0.01730916,-0.0014487817,0.9493572,3.022471,1.6026081,66.0908,0.0902746,11.151807
-0.03601544,0.0066998377,0.017471878,-0.0013781368,1.0211365,2.9611425,1.6046362,99.20351,0.08072522,17.773476
-0.035950173,0.006605964,0.017429043,-0.0013440627,0.005304487,3.0481815,1.5993096,99.43998,0.06710967,12.615035
-0.035984688,0.006650935,0.01751649,-0.0013111661,0.4946084,3.0382571,1.599895,99.5439,0.10200923,14.94418
-0.035917882,0.0066324756,0.017358517,-0.0013793734,3.709474,3.5228133,1.5984768,99.23767,0.05667918,12.246559
-0.036067292,0.006668831,0.017454604,-0.0014304495,0.9290144,3.8611279,1.599846,99.40225,0.09536457,19.989122
-0.036202006,0.00686549,0.017225977,-0.0016400205,0.006518963,3.6850386,1.6007464,62.37957,0.093029134,16.239431
-0.03598539,0.0066910526,0.017430063,-0.0013713716,0.9989027,2.9710608,1.6011791,99.254005,0.060864083,17.80888
-0.035896644,0.006587575,0.017266953,-0.001482342,0.8447502,3.6126058,1.602467,101.47689,0.08143636,19.123606
-0.035988532,0.006609984,0.017364997,-0.0013640138,4.0,2.8292253,1.5998424,99.54677,0.08527248,13.538702
-0.035454415,0.006648692,0.01656112,-0.0015821405,3.7242665,2.4522035,1.5570811,8.625163,0.042960282,10.310992
-0.036066663,0.0066959825,0.017466474,-0.0013718702,0.002923604,2.9606893,1.6420984,99.34424,0.075997144,16.915247
-0.035939943,0.0067035435,0.017325282,-0.0014306247,4.0,3.3396614,1.5993326,53.501945,0.107091084,13.446321
-0.03597421,0.006631606,0.01730583,-0.0014135287,4.0,3.7526333,1.5995111,98.88361,0.0735536,10.715516
-0.03565997,0.0065458827,0.017196238,-0.001370263,3.6278281,3.7551959,1.6000581,91.88078,0.10107341,11.388158
-0.03594725,0.006640545,0.017473485,-0.0013371464,0.0021815498,2.965781,1.5999142,99.68736,0.082065836,11.43457
-0.036070656,0.006661715,0.017423451,-0.001367043,4.0,2.5412402,1.5991932,99.83943,0.096253306,13.710402
-0.036007635,0.0066583366,0.017492,-0.0013403008,0.003295833,3.0343347,1.5993232,99.12099,0.082390174,16.612865
-0.036000676,0.006625879,0.017408725,-0.0013461864,4.0,3.9736264,1.5993073,98.9928,0.09026912,12.690846
-0.03587481,0.006676382,0.017273594,-0.0013600837,3.70323,2.501723,1.5978454,97.326836,0.062174182,18.047544
-0.035895303,0.0065792827,0.017351335,-0.0013373886,0.0023284585,3.071059,1.6000016,99.54932,0.05610501,10.623248
-0.03597428,0.006668365,0.017371265,-0.0013641927,4.0,3.835216,1.5990325,99.19542,0.039161105,16.572544
-0.03600335,0.0067082196,0.017622447,-0.0013093787,0.008324979,3.2197175,1.5993198,132.45175,0.109256305,12.480271
-0.036007702,0.006704938,0.017212292,-0.0013186717,3.6906497,3.3798401,1.5970451,150.95232,0.08985074,19.11493
-0.036004458,0.006647195,0.017316287,-0.0013819899,4.0,3.828823,1.5995293,99.23763,0.047597535,11.710512
-0.03594583,0.0066823843,0.017466523,-0.0013448559,3.9998324,4.1189823,1.5988888,95.6878,0.20920676,16.678272
-0.036016256,0.006696067,0.017484255,-0.0013694349,3.7059026,2.9913592,1.5999191,68.957344,0.0779527,12.638456
-0.035990592,0.006606671,0.017540397,-0.0013312867,0.96228606,3.336621,1.5998588,100.2276,0.06740873,16.767212
-0.03580592,0.0066162576,0.017347928,-0.0013020048,3.7024698,2.6021566,1.6001738,71.0062,0.12826507,16.040228
0.014239409,0.016093383,0.00027056952,-0.004260109,0.6578816,3.084589,1.6112033,101.6192,0.06377226,18.783312
-0.03591272,0.0066235894,0.017386198,-0.0013173615,-0.0073631625,2.9445765,1.5981406,99.218605,0.065942965,17.163008
-0.035898473,0.0065681227,0.017369136,-0.0013523294,0.60541797,3.2454374,1.5998926,99.86728,0.065455206,15.5842905
-0.03602239,0.00665663,0.017554924,-0.0013713423,5.3475986e-05,3.3178062,1.5551925,99.25664,0.109694354,12.943624
-0.036211435,0.0067344722,0.01754428,-0.0015563915,0.94908243,2.4633026,1.6003183,64.10021,0.046057265,13.113504
-0.035917796,0.0065878904,0.017340086,-0.0013833195,0.0009568596,2.94812,1.5980238,99.51415,0.047897197,15.783989
-0.035895575,0.006670898,0.017268104,-0.0014529346,0.7827519,2.8061142,1.599353,62.82606,0.066314384,17.023851
-0.03589552,0.006624289,0.01720852,-0.001427968,4.0,2.5487897,1.599279,99.96732,0.07151687,11.071715
-0.03592109,0.0066131693,0.017435122,-0.0014191235,0.013242817,2.9300733,1.5390226,98.21982,0.11328041,11.100364
-0.036044728,0.006732603,0.017416134,-0.0013964575,3.7100213,3.6088789,1.5996431,69.16226,0.10308629,15.477935
-0.03592636,0.0065874252,0.017424913,-0.0013596107,0.961287,3.2826846,1.5568783,100.30301,0.07229404,13.763566
0.01462796,0.0154119795,-0.0004629741,-0.0045971265,0.601466,3.7249296,1.6031632,99.77283,0.15328757,10.854209
-0.03596503,0.006605536,0.017417792,-0.0013457468,0.0034684283,3.0383313,1.5994508,99.442245,0.053560145,12.185401
-0.036091045,0.0066967076,0.017522318,-0.001394138,0.60672027,3.3528666,1.600003,100.24462,0.12639368,12.801903
-0.035948142,0.006645963,0.01741026,-0.0013522231,0.0019529249,2.947454,1.597387,99.578606,0.046715833,17.289877
-0.035935607,0.0066321613,0.017453605,-0.0013188181,3.7035003,3.5222824,1.5991125,98.476326,0.061141692,19.777218
-0.035919633,0.006624789,0.017289435,-0.0014283401,0.0059415423,2.9995427,1.5993212,102.455246,0.040449508,14.786164
-0.03596821,0.0066412785,0.01744367,-0.0014067058,0.9560018,3.2530217,1.5783101,98.470055,0.09589154,15.03851
0.031177618,0.02614492,0.015069944,0.008465236,0.8370456,3.0473714,1.4460435,39.938007,0.07189008,18.143896
-0.035894252,0.0065789735,0.017366558,-0.0013330677,4.0,3.848273,1.5752611,96.8419,0.021083392,14.3837805
-0.03602278,0.0066832644,0.017472066,-0.0013865819,0.44480664,3.31383,1.5998486,99.61778,0.09145084,11.026253
-0.036010657,0.006487942,0.01740389,-0.001241178,4.0,2.9754167,1.5496819,100.12207,0.0944899,13.607508
-0.03594037,0.006608797,0.017326774,-0.0013797549,3.703945,3.8372014,1.5988193,98.50418,0.06431306,12.273709
-0.035979576,0.006626083,0.017300056,-0.0014019618,4.0,3.7936542,1.599374,99.158585,0.024518302,12.382668
-0.03595936,0.006673693,0.017449591,-0.0013188657,3.7082765,3.6617606,1.5995355,69.53689,0.10766848,16.06096
-0.036006227,0.006642558,0.017438378,-0.0013189153,4.0,3.930311,1.5990926,98.52541,0.07321579,12.912989
-0.035976227,0.0066736336,0.017420955,-0.0014187482,4.0,2.9892507,1.6001809,99.85491,0.17217153,11.276787
-0.03597276,0.006605987,0.017270302,-0.0015341657,0.7466966,3.1198406,1.6009638,74.791794,0.11268335,15.953466
-0.011752738,0.013839562,0.013972111,-0.0014520395,0.8341817,2.8696995,1.5645297,130.35252,0.03721902,17.073902
-0.036039304,0.006745246,0.01741381,-0.0014150975,-0.0018722602,2.8878267,1.60107,69.056854,0.087013245,12.075004
-0.03591078,0.006581964,0.017304495,-0.0014039042,0.005260775,2.997513,1.597931,100.1312,0.03921212,14.758014
-0.035977185,0.006724028,0.017286455,-0.0014887659,-0.0027056444,3.047684,1.6155566,93.49417,0.12038076,13.333159
-0.035915773,0.006685406,0.017241333,-0.001474192,3.7151415,3.0090494,1.5984166,101.99633,0.069602326,10.191064
-0.036060255,0.0066282637,0.01745818,-0.0013807156,4.0,2.938384,1.6000905,99.42225,0.09298217,13.817492
-0.03591023,0.0066157985,0.017353574,-0.0013982574,0.599127,2.9582913,1.6003414,62.47581,0.08089675,13.650829
-0.036015294,0.006670264,0.017384397,-0.001401129,4.0,2.7671812,1.5995696,100.05262,0.13343477,14.900959
-0.035587855,0.0067404876,0.016281959,-0.0022412755,-0.95991284,2.4306703,1.606155,84.95984,0.18535763,14.934253
-0.03592722,0.0066342214,0.017493876,-0.0013182288,0.61060464,2.7570903,1.5996587,99.13173,0.09267059,14.725399
-0.03586093,0.006642434,0.017284116,-0.0013926338,3.993564,4.168113,1.5988957,75.40372,0.0989033,11.945676
-0.03535501,0.0066489144,0.016262785,-0.0019098311,0.016418029,2.7337449,1.6024927,122.312355,0.43781075,11.658649
-0.035994533,0.006401921,0.017272102,-0.0010978837,4.0,3.6045973,1.5462797,99.90144,0.10199528,12.543194
-0.03608804,0.006677357,0.017570851,-0.0013402913,0.9894251,3.1555269,1.5995078,99.26046,0.039004598,15.032703
-0.035993353,0.0066395346,0.017482048,-0.0013444154,3.7084844,3.26239,1.59921,98.26645,0.050631825,11.972658
-0.036258657,0.006780628,0.01761543,-0.0013804588,4.0,2.681375,1.5993418,76.800606,0.040210754,15.529509
-0.035999916,0.006655572,0.017447233,-0.0013359925,0.0012912347,3.0998743,1.5997739,96.85559,0.10089187,12.186547
-0.036002934,0.006665782,0.01751311,-0.0013333211,0.5244038,3.0387108,1.5996625,100.12758,0.09519555,11.205494
-0.036113538,0.0066888332,0.017617945,-0.0013313405,4.0,2.912759,1.600145,98.79327,0.06148522,19.77674
-0.036139026,0.006753442,0.017654626,-0.001286166,4.0,2.4965737,1.5999668,65.60392,0.094600275,13.256543
-0.035985418,0.0066826646,0.01745194,-0.0013477638,1.0150591,2.9714577,1.5996388,100.13555,0.089423895,17.571384
-0.03598603,0.0066347197,0.01747026,-0.0013171963,4.0,3.543464,1.5997989,93.30383,0.09119147,13.529793
-0.03588084,0.0067399023,0.017336335,-0.001323199,0.95024663,3.015913,1.6012813,69.89851,0.10110106,12.424744
-0.035975255,0.0066131908,0.01745447,-0.0013370992,0.5949638,3.0335028,1.5997657,99.893654,0.09365397,17.256582
-0.035855647,0.006749017,0.017227417,-0.0014653594,0.5959552,2.975574,1.6003299,67.60809,0.09641458,13.56368
-0.036019016,0.0066916165,0.017248005,-0.0013842141,3.698107,3.7773263,1.5400356,72.52049,0.08351158,16.097757
-0.03592706,0.006657244,0.01745891,-0.0013340034,3.6687582,3.6778214,1.5996188,94.019424,0.107590646,11.269514
-0.035923213,0.006506621,0.017043866,-0.001424987,4.0,2.1293325,1.5983158,100.22759,0.11076749,10.236579
-0.035943672,0.006638285,0.017451985,-0.001324901,3.9998703,3.8547478,1.5993316,99.56005,0.071085736,16.591024
0.024751633,0.024908857,0.006540166,0.004614628,2.7973843,3.3255994,1.5016766,43.70607,0.050071836,14.87403
-0.035914943,0.0065574353,0.017496191,-0.0013806042,0.9726466,3.0604742,1.6008896,62.408573,0.07233552,17.695845
-0.03597546,0.00661632,0.017461713,-0.0013199346,0.00408896,3.2535014,1.6002654,99.70749,0.08759111,11.216347
-0.03599886,0.006732412,0.017427167,-0.0013437936,3.9217231,3.042983,1.4916778,98.52931,0.10009682,12.598766
-0.03598768,0.0066653956,0.017474674,-0.0013417432,3.7053564,3.0925388,1.6000333,69.469086,0.06336222,12.018713
-0.036010124,0.0066764797,0.017394504,-0.0014514568,0.9588825,2.5538266,1.599549,100.247185,0.07786485,17.341715
-0.036006503,0.0067089344,0.017395413,-0.0014350496,0.97159195,2.9976156,1.5997386,99.79525,0.08171158,19.12149
0.016594386,0.018164419,0.0017570093,-0.004771595,0.594006,3.7697809,1.6166964,100.09283,0.15586308,16.438963
-0.03589872,0.006639396,0.017434949,-0.0013132851,0.0014032939,2.9826167,1.6000401,99.99807,0.09912155,11.434811
-0.035993554,0.0066742683,0.017411109,-0.0013911017,4.0,3.3589132,1.5997505,81.61535,0.06735736,17.18822
-0.036040664,0.006777684,0.01734856,-0.0015353422,0.34450468,2.8420506,1.5991005,109.093285,0.09192048,19.285978
-0.036011394,0.0066292547,0.017409224,-0.0013963651,0.0046488056,3.0345519,1.5996279,105.70589,0.025608124,12.143372
-0.0359572,0.0066674026,0.017329417,-0.0014620468,0.012024886,2.784704,1.5637778,97.22826,0.12038159,12.431868
-0.03603912,0.0066705826,0.01737711,-0.0013954897,4.0,3.743344,1.5990702,98.94498,0.032054912,14.603468
-0.035974998,0.006779386,0.017732488,-0.0012559772,4.0,3.8084593,1.5998724,35.17742,0.10331646,13.659527
0.014713028,0.015663765,-0.00031628815,-0.005428913,0.6106058,3.7512474,1.6161723,100.24978,0.14176072,14.974815
-0.03593653,0.0066096373,0.017288117,-0.0013949949,4.0,2.7077703,1.5996794,99.75856,0.08238338,12.445149
0.013725111,0.015774263,0.00052305637,-0.003997835,0.67829484,3.2884398,1.6049781,100.06097,0.07327968,17.571697
-0.036022887,0.006644828,0.017450273,-0.0013839224,4.0,3.0202281,1.5999922,100.9983,0.07622958,15.917191
-0.035886325,0.006583892,0.017316874,-0.0014050746,0.9846828,3.0282533,1.599185,99.48636,0.052003905,16.291233
-0.03613702,0.006730924,0.017676758,-0.0013625483,4.0,2.4882333,1.6000185,98.48595,0.10153494,18.528137
-0.035979953,0.006729256,0.017345292,-0.0013893925,3.7093878,3.024751,1.5981892,100.24293,0.08063285,17.27458
-0.03604502,0.006698203,0.017385615,-0.0014050471,4.0,3.8927236,1.5990354,98.85725,0.07998119,13.095152
-0.035980504,0.0066645537,0.017558,-0.0012161118,3.702427,3.3367789,1.5603441,69.76305,0.06145232,18.10913
-0.035894,0.006553929,0.017404573,-0.0013510267,0.6985527,3.1872795,1.604303,99.05815,0.027104648,11.8043785
-0.0359702,0.006603143,0.017449187,-0.001328139,4.0,4.015838,1.5997578,99.19002,0.086787365,10.953511
0.01654787,0.018370548,0.0015150155,-0.0054788133,0.6086153,3.7706077,1.585179,99.97588,0.20459239,19.325857
-0.035976797,0.0066247727,0.017476626,-0.0013490078,0.004969962,3.467665,1.5605859,99.221855,0.10452966,16.622751
-0.036010418,0.0065152664,0.017416265,-0.001601049,0.9262368,2.8280823,1.6030011,83.58858,0.09300887,10.04698
-0.036114153,0.0066759773,0.017493824,-0.0014098327,0.4818793,3.494057,1.5992568,99.09196,0.08285636,14.693893
-0.03595894,0.006672808,0.017474055,-0.0013635592,3.7085783,3.4628572,1.5996788,97.20524,0.14896417,14.492288
-0.035994545,0.0066762115,0.017556433,-0.001361001,0.96904147,2.9551153,1.6002313,62.046192,0.07084233,16.204138
-0.035987765,0.0066649686,0.017543165,-0.0012831751,-0.0065411944,3.0400026,1.5999142,98.68826,0.11957892,12.970867
-0.035909068,0.006638945,0.017315118,-0.0013974056,0.6478267,2.5153837,1.5995268,98.67835,0.08217562,15.973315
-0.036206055,0.007022733,0.017558036,-0.0013523218,3.7162852,2.8550918,1.4908873,100.44774,0.12475506,14.63192
-0.035962798,0.006369388,0.01736782,-0.0014713843,0.383421,2.8405828,1.598655,117.16329,0.091095634,18.513248
-0.03593803,0.0066411924,0.017372768,-0.0013703872,3.703292,3.7772536,1.5990207,99.21207,0.09879126,12.9973755
-0.035935286,0.006607086,0.017425362,-0.0013331398,3.9922922,4.191153,1.5991695,97.527985,0.13449468,14.864272
-0.03580577,0.0065726726,0.017276397,-0.0013811844,3.660789,3.6329014,1.6000289,89.850365,0.11160891,12.956792
-0.036212325,0.0064030653,0.017474493,-0.0016956854,0.8926963,3.0489154,1.5652779,69.775246,0.0966606,15.512027
-0.035948053,0.006618365,0.017440181,-0.0013281192,3.690402,3.952878,1.5990424,96.9681,0.09306275,14.953722
0.016171182,0.017588375,0.0008156981,-0.0055807596,0.6093889,3.7785332,1.6204576,100.48428,0.14485866,16.703768
-0.035894923,0.006612061,0.017393822,-0.0013204833,4.0,3.9368496,1.5990298,87.24498,0.04587692,13.297817
0.016232753,0.017506484,0.000778149,-0.0050813193,0.6093475,3.7925797,1.6183553,100.63212,0.15975165,18.515676
-0.0360675,0.00673284,0.017524615,-0.0013739362,4.0,2.7324836,1.5995061,99.94724,0.13840424,19.618353
0.015476616,0.01672365,0.00036912778,-0.0054826657,0.6073745,3.7870905,1.630106,100.80503,0.15109828,15.840008
-0.03613753,0.006625541,0.017445376,-0.0014050935,0.9640706,3.8651092,1.6059656,98.30041,0.046822634,15.102078
0.014755731,0.015321174,-0.0011783612,-0.005021633,0.61237174,3.811423,1.6041362,100.708694,0.15841569,15.613939
-0.03601014,0.0066604824,0.017472753,-0.0013445189,4.0,3.7764773,1.5996556,105.766136,0.073033184,15.779283
-0.035998575,0.006652523,0.017466217,-0.0013370062,0.9343496,2.9987752,1.599686,99.71835,0.1107067,12.021587
-0.03607603,0.0067047547,0.017553503,-0.0013687134,4.0,2.9210465,1.5997158,77.56618,0.08481596,14.1406145
-0.035968386,0.0066615897,0.017498951,-0.001334501,3.7077987,3.1094205,1.5997167,96.76094,0.048158955,11.832527
-0.036107667,0.0066776928,0.01744926,-0.0014177255,4.0,2.8019412,1.599478,99.78248,0.058036245,16.159025
-0.035982363,0.006659812,0.017335547,-0.0013894488,-0.0055425754,3.2722692,1.5984093,97.863556,0.08360432,19.965887
-0.036021456,0.006683625,0.01747589,-0.0013216655,3.7072604,3.7292173,1.5993855,68.62712,0.079708114,12.674314
0.014499831,0.015000712,-0.0009575142,-0.004843812,0.6105496,3.7958899,1.6038984,100.71756,0.17217535,14.919934
0.016287211,0.0186406,0.0029449058,-0.0040138527,0.6209243,3.8014095,1.6062742,99.3551,0.14640178,21.545238
-0.036078356,0.006705012,0.017452797,-0.001478987,-0.0046333335,2.6585357,1.5852863,103.891304,0.08655898,16.095722
-0.036081854,0.0066749062,0.017510407,-0.0013699547,-0.0042363196,3.000611,1.6304542,98.80128,0.078145914,14.16971
0.01504626,0.016407529,0.0004161396,-0.004239023,0.6017273,3.697294,1.5987406,99.91538,0.13357304,10.318652
-0.035897013,0.006585415,0.017355084,-0.0013683853,0.0010561506,2.9638984,1.5983213,99.81163,0.06387811,14.978481
-0.03599136,0.006611307,0.017294938,-0.001381981,4.0,2.6420991,1.5992573,99.53487,0.0839165,11.768266
-0.03595409,0.006622202,0.017415857,-0.0013486623,0.0040273727,3.0645177,1.5996981,99.501015,0.062810935,11.890952
-0.035938695,0.006621112,0.017413259,-0.001339188,0.002158567,2.998471,1.5990238,99.38236,0.0710675,16.587114
-0.036041275,0.0067309216,0.017328773,-0.001438194,3.7096975,3.4446082,1.5981736,69.05547,0.087139234,10.132991
-0.036079608,0.006530778,0.017675817,-0.0013377686,0.9863782,3.1828072,1.6007133,62.384304,0.08143457,17.884304
-0.035867162,0.0066264695,0.017352708,-0.0013551083,3.6891453,3.8466432,1.599039,76.25037,0.11288623,12.180522
-0.03594546,0.006660621,0.017538523,-0.0013512477,0.00382849,3.2222972,1.6020517,118.6972,0.105783254,11.96615
-0.036011223,0.0066391802,0.017391337,-0.0014469526,4.0,2.8479612,1.5998536,99.268486,0.053111367,13.439915
-0.035899565,0.006613243,0.01726635,-0.001432857,0.008897142,2.996398,1.5969621,103.21333,0.03381534,15.992119
-0.03591413,0.006644334,0.01738775,-0.0013521565,4.0,3.9969246,1.5993671,88.31147,0.10926191,13.687022
-0.035965644,0.0067303227,0.01740514,-0.001442378,4.0,3.0219526,1.5997982,72.97213,0.11489268,12.788121
-0.03595558,0.006870841,0.017151183,-0.0013835876,0.9317938,2.4862661,1.5982068,61.306087,0.07213694,15.06511
-0.035991553,0.006657855,0.017484002,-0.0013245333,0.3847586,3.01636,1.5998281,99.62824,0.09840875,13.937079
-0.035994817,0.00667168,0.01734465,-0.0014606252,0.0020959282,2.8536544,1.622672,98.38956,0.036683228,15.905295
-0.035965305,0.006615095,0.017462045,-0.0013388225,0.98002183,3.092046,1.5996065,98.78689,0.056678228,15.465197
-0.0360622,0.0067242747,0.017451443,-0.0013582981,3.7219589,3.219502,1.5981172,149.53181,0.067878015,16.44448
-0.035978734,0.00660501,0.017397257,-0.0014876853,0.95438015,2.9898887,1.6018329,62.041073,0.07137205,15.36164
-0.03584502,0.0066234623,0.017329864,-0.0013778072,3.6583972,3.7652647,1.5997682,91.74328,0.11566781,12.253354
-0.035950817,0.0066304132,0.01742584,-0.0013327277,0.0048380746,3.0337627,1.5999336,99.406364,0.07795865,11.283265
0.02333985,0.023039266,0.008001428,0.0008026333,0.57947296,3.3371682,1.5365719,78.87116,0.17089422,19.72956
-0.03599334,0.0066401274,0.017410139,-0.0013652191,4.0,2.6811955,1.5997849,99.0194,0.06639043,16.120226
-0.036026377,0.0065868264,0.01747036,-0.0013160716,-0.02317478,2.92479,1.600463,95.723656,0.07618321,20.844164
-0.03601224,0.0066326656,0.01738772,-0.0013750051,4.0,3.9404228,1.5993779,100.07161,0.045650445,12.31763
-0.036006656,0.00665983,0.017532304,-0.0013023948,-0.0021980733,3.022494,1.5995135,99.59514,0.094239466,13.21639
-0.03608358,0.00670208,0.017496416,-0.0013809738,4.0,2.23133,1.5988883,99.205154,0.06617147,16.31088
-0.035975367,0.0066683935,0.017473679,-0.0012996593,3.7010367,3.587652,1.5436406,70.34291,0.06329809,17.489687
-0.035960205,0.006679293,0.017157393,-0.0016089729,0.83934456,3.8824646,1.5994164,97.26883,0.09608774,19.314157
-0.036025867,0.0066635767,0.017432043,-0.0013772247,3.9999998,3.7175267,1.5993965,99.50633,0.04025474,13.493777
-0.03587187,0.006706182,0.017254235,-0.0014370207,4.0,3.0991526,1.5998226,64.799866,0.13373122,10.821784
-0.035972405,0.0066519426,0.017406037,-0.0013648518,4.0,3.7705808,1.5992334,99.13562,0.05396303,14.055534
-0.036005795,0.0067136087,0.017344272,-0.0013952277,3.7098243,2.9928703,1.5978304,101.43618,0.05993184,17.712395
-0.035936788,0.0066312607,0.017499803,-0.0013043976,0.5728131,3.0423653,1.6002314,99.19795,0.10482646,12.568742
-0.036030218,0.0067034676,0.01741595,-0.0014047757,0.6004758,2.2418222,1.5993769,98.26967,0.09797547,14.334764
-0.036026075,0.006622277,0.017419087,-0.0014243533,0.6027655,3.6736138,1.5994908,98.9745,0.07228069,17.489656
-0.03596186,0.006586474,0.017362913,-0.0013525644,4.0,2.9668224,1.6001567,99.88865,0.13248025,12.298267
-0.035879094,0.006607137,0.017376509,-0.0012982244,0.005005112,3.364731,1.6003728,100.16128,0.08773951,10.343162
-0.03585178,0.006534921,0.01732838,-0.001449174,0.9541738,3.0684388,1.6013914,62.463554,0.08883601,16.435204
-0.035980713,0.006617753,0.017452763,-0.0013642112,0.0065227184,2.9883888,1.5993655,99.27129,0.056123126,11.718784
-0.0359476,0.006611919,0.017352024,-0.0013870791,3.999173,3.912954,1.599234,99.15202,0.05734299,12.714714
-0.036057133,0.0066324826,0.017457496,-0.001361637,4.0,2.9229267,1.600201,99.59963,0.128164,12.909371
-0.03607863,0.0067194384,0.017394705,-0.0013893798,3.7086291,3.1782324,1.5967628,147.54002,0.06739514,18.464933
-0.035946723,0.0065689515,0.017066851,-0.0012936291,4.0,3.4554374,1.5474756,99.26532,0.09327015,18.461737
-0.03597209,0.006702916,0.017371465,-0.0014104499,3.714347,3.2653017,1.5996417,69.90141,0.060673963,10.8762665
-0.036035966,0.0066709123,0.01750295,-0.00133695,3.7091339,3.523214,1.5994257,69.27158,0.082822144,15.295238
-0.036093052,0.0066564274,0.017485375,-0.0013443049,4.0,3.6534095,1.5997317,100.01416,0.08304886,14.81101
-0.036112882,0.006712324,0.017465837,-0.0014256092,-0.008887678,3.7879403,1.5995462,99.41084,0.09977273,15.782394
-0.036254227,0.006973607,0.01777136,-0.0014462321,4.0,2.6258278,1.5996525,66.35852,0.12356786,13.030515
-0.03609119,0.0066570584,0.017565632,-0.001329181,0.8782529,3.1243377,1.5999122,98.77045,0.024931083,10.729296
-0.036030862,0.0066776373,0.017438777,-0.0013957041,4.0,2.9290771,1.5997716,99.6858,0.0720411,17.09051
-0.036023814,0.0066181635,0.017383097,-0.0013732772,4.0,2.7979562,1.5997936,99.54775,0.086784504,13.187691
-0.036019325,0.0066230237,0.0174542,-0.0013319232,0.400959,2.8539233,1.6002564,95.85433,0.096012525,20.440506
-0.036012575,0.006656399,0.017404335,-0.0013982045,4.0,2.8837638,1.6000432,99.840805,0.12825756,13.68095
-0.03591198,0.006711031,0.017445972,-0.0013749074,4.0,3.7961128,1.5996199,65.76904,0.10078292,15.110188
-0.03597407,0.0067009884,0.017417567,-0.001376499,0.00023823851,2.9513364,1.6331934,99.4105,0.107026,16.72201
0.016907476,0.018557401,0.0019390994,-0.0046671554,0.5961627,3.8026986,1.61238,100.22217,0.16618629,19.210892
-0.036014326,0.0066207396,0.017512918,-0.0013033022,0.49324054,2.9287176,1.599541,97.62631,0.0929575,17.663494
-0.036089025,0.0067116246,0.017519066,-0.001395985,4.0,2.53452,1.599302,99.16723,0.041242648,18.795612
-0.03601297,0.006621588,0.016766332,-0.0015382894,4.0,3.1215866,1.5445558,131.6864,0.055020552,10.468864
-0.036018103,0.0066390373,0.017362481,-0.0014010831,4.0,3.795748,1.5994372,99.885796,0.040935952,13.430143
-0.035992194,0.006711866,0.017523777,-0.0013879586,-0.00089151674,3.0874114,1.59785,108.1312,0.08849046,20.868502
-0.035870053,0.0067015407,0.017097514,-0.0013683612,4.0,2.9105096,1.5867304,124.2542,0.07636606,14.564913
-0.03598673,0.006623809,0.017494274,-0.0013246646,0.99508876,2.9714622,1.5995288,99.22427,0.05106439,14.534535
-0.03583044,0.0066547906,0.017153408,-0.0014884166,0.004911078,2.4308887,1.5959499,100.60218,0.052944016,16.344898
-0.035942316,0.0066017937,0.017411383,-0.001366001,0.0029464366,3.09618,1.5989993,99.433655,0.06941053,16.102924
-0.035869237,0.0064336313,0.01711998,-0.0016460092,0.9223347,2.7549908,1.6036092,63.847958,0.09145275,10.947557
-0.036079217,0.0067821806,0.017389065,-0.0014714372,0.009834774,2.9826725,1.6003554,69.90319,0.0759882,14.498078
-0.036026068,0.0066643213,0.01749941,-0.0013829791,4.0,2.6622734,1.5999237,99.75525,0.080206595,16.428144
-0.035965625,0.0065974295,0.017464183,-0.0013368092,0.0045292354,2.991826,1.5991348,99.483185,0.06109044,13.712881
-0.035932817,0.0066026235,0.017398985,-0.0013696643,0.0019260367,3.0074766,1.5989883,99.49484,0.06900872,15.790497
-0.035813358,0.0065747574,0.017468458,-0.0012454324,3.9999664,4.0745068,1.5992337,87.52823,0.060731295,16.63066
-0.03600772,0.0066581233,0.01749348,-0.0013368173,0.002475818,3.01964,1.6220685,97.59692,0.078523055,16.591177
-0.035923693,0.0066667823,0.017320557,-0.001411364,4.0,3.9805374,1.5995016,89.86896,0.1385586,12.747485
-0.035899922,0.0065994025,0.01748519,-0.0013112365,0.5928066,3.289605,1.6005036,100.37508,0.10167166,10.360554
-0.03572952,0.006588015,0.01731918,-0.0013705019,3.7077904,3.6150706,1.6002812,64.06718,0.17496291,11.98123
-0.0358741,0.006658001,0.017349096,-0.0013974274,3.7072117,3.013857,1.5996932,98.623276,0.098497674,10.977278
-0.03599105,0.0066591967,0.017476087,-0.0013348268,3.702746,3.319871,1.5997125,69.09112,0.086002216,13.465458
-0.035943683,0.0066914377,0.017335141,-0.0014159771,4.0,4.0007496,1.5993197,98.361206,0.12732615,16.578072
-0.035931215,0.0066968515,0.01746029,-0.0013457148,0.008577037,3.1875567,1.6022719,109.95119,0.10447316,11.812402
-0.036016062,0.0066989157,0.017557293,-0.0013202665,0.9999838,3.4798136,1.600693,99.45668,0.13075021,14.450426
-0.035986636,0.0066376026,0.017187802,-0.0015235019,0.53369963,2.7967117,1.5993409,71.44736,0.069267616,17.126934
-0.036188252,0.0069156564,0.017535761,-0.001458096,4.0,3.8394501,1.5993423,26.117708,0.13340689,11.411113
-0.035909534,0.0066075255,0.017413072,-0.0013559483,0.60818905,3.019808,1.5998567,99.988716,0.098492905,16.462112
-0.03591386,0.006695025,0.017094398,-0.0016892796,3.7300665,2.7079282,1.5964662,68.94392,0.08570517,12.331033
-0.036187146,0.0067422204,0.01722477,-0.001672064,0.36158395,3.1624818,1.5998532,86.46365,0.0836986,18.330172
-0.036007952,0.0065957946,0.017397333,-0.0013237972,4.0,3.9471803,1.5996059,99.28844,0.06909394,11.601757
-0.036011647,0.006631226,0.01746589,-0.0013447497,0.0031996965,3.0286036,1.5993418,99.11854,0.068390325,13.103183
-0.035939645,0.0066252598,0.017466612,-0.0013182331,0.0029285613,3.0217748,1.5995581,99.778,0.09166778,12.481444
-0.035948593,0.006663125,0.017360577,-0.0013741525,4.0,4.108577,1.5989865,87.36687,0.12545785,14.863314
-0.035997283,0.006634914,0.017401727,-0.0013463139,4.0,3.9428923,1.5994568,99.4963,0.09299743,12.6092005
-0.036097415,0.0066740885,0.017356126,-0.0015339769,0.948543,2.764945,1.6005192,63.799957,0.08235668,15.754868
-0.03595812,0.006686217,0.017371252,-0.0013930856,3.7071757,2.9528372,1.5992512,99.86458,0.09498922,12.556855
-0.036045868,0.0066438327,0.017444303,-0.0013803776,4.0,2.9818914,1.5999302,99.67737,0.09576173,15.105274
-0.036144417,0.006617878,0.01743419,-0.0013744787,0.9068893,3.8380282,1.60106,101.258736,0.06156115,10.054084
-0.035942033,0.0066642086,0.017467504,-0.0012902259,3.7041748,2.9812326,1.599434,96.70315,0.06568359,18.22109
-0.0359627,0.006667306,0.017502006,-0.0013554809,4.0,3.780147,1.5999386,116.19518,0.10218564,13.434744
-0.036012575,0.0066560404,0.017365647,-0.0014148228,4.0,2.827501,1.5998966,99.61249,0.085237086,12.784035
-0.03600578,0.006619852,0.017476644,-0.0013350818,0.38253736,3.012608,1.5995101,98.49798,0.08247373,16.525457
-0.035949912,0.0066485205,0.017418377,-0.0013322381,3.706977,3.8792286,1.5991431,69.063835,0.10294695,13.030183
-0.035688188,0.006520762,0.017247867,-0.0013827506,0.011755854,3.2312186,1.5629824,99.381676,0.06534793,10.87809
-0.036128417,0.00667547,0.017665362,-0.001293732,3.693665,3.6405902,1.4942751,100.19319,0.112873234,12.688621
-0.03599664,0.0066545983,0.017533168,-0.0012905253,-0.0018925391,3.0283408,1.5995023,99.6094,0.10790342,13.287329
-0.035871565,0.0066345967,0.017385717,-0.0013189332,4.0,4.0730834,1.5990211,89.52067,0.044044144,15.454078
-0.035990957,0.0066564195,0.017552262,-0.0012801085,-0.0053557097,3.227839,1.6001983,100.04648,0.11211502,11.860495
-0.03596605,0.0066925283,0.01745746,-0.0013785353,-0.0015517048,3.011625,1.6003042,99.59708,0.09586758,10.396041
-0.036019273,0.0066074175,0.017436435,-0.0013634138,0.24307606,2.9759648,1.5989362,99.36406,0.050670326,13.645784
-0.036092784,0.006656101,0.017551957,-0.001345482,0.9377377,3.073145,1.5996486,98.64134,0.026528329,11.982967
-0.035965253,0.0065994128,0.017430676,-0.0013497308,0.6012589,2.7424455,1.6001095,96.89758,0.08592009,19.770227
-0.035823483,0.00654958,0.017233599,-0.001344294,4.0,3.5631864,1.5997528,99.99924,0.11546184,10.336108
-0.036053363,0.006618144,0.01743955,-0.0013727568,4.0,2.883474,1.5935354,100.11342,0.07116286,15.559391
-0.036016233,0.00664517,0.017511437,-0.0013237302,3.739333,3.622488,1.5995651,98.97835,0.072595246,19.700796
-0.03600578,0.0066847987,0.017492652,-0.0013557514,0.9479282,2.9569535,1.600055,98.22884,0.09733824,19.914925
-0.036033586,0.006608759,0.017293153,-0.0012722545,4.0,2.7975323,1.5525434,97.28644,0.0710048,21.850203
-0.036000367,0.0066759167,0.017453095,-0.0013553185,-0.0026372974,2.9537396,1.6123621,99.22301,0.07263029,16.150509
-0.03601419,0.006514958,0.017590094,-0.001296283,0.63794583,3.6124887,1.6010668,98.278915,0.025385821,16.071743
-0.005989769,0.012529004,0.01181518,-0.0021162557,0.44621405,2.9125023,1.3849864,103.941414,0.03126428,18.350025
-0.03598119,0.006690578,0.017293798,-0.0015158156,0.01287209,2.206183,1.5961351,100.849236,0.048411533,13.614067
0.022463799,0.022611056,0.007542903,0.0012607197,1.0793774,3.4957976,1.548241,66.965,0.06575773,17.980515
-0.035973735,0.00662304,0.017445305,-0.0013570385,-0.0011800767,3.234018,1.5985409,99.52531,0.08454741,16.062153
-0.03591523,0.0066170883,0.017421385,-0.0013193011,1.0092008,2.9754956,1.5992646,99.30268,0.06077218,16.190403
-0.03607235,0.006786797,0.01738791,-0.0015037351,0.006820141,2.8360946,1.5988524,63.061363,0.057162527,15.042027
-0.03615505,0.0066781817,0.017433116,-0.0013710553,4.0,2.365647,1.5985159,99.6305,0.077074446,12.132742
-0.03595372,0.006711684,0.017590616,-0.0013266612,4.0,3.7768426,1.5998946,123.141464,0.16387707,12.339312
-0.03599323,0.006587995,0.01736457,-0.0013725397,4.0,3.2989113,1.5999328,99.14986,0.068205684,10.525972
-0.035873625,0.0066232528,0.017342303,-0.0014483648,0.7019551,3.3423676,1.6001967,103.26363,0.09262899,18.842121
-0.036045328,0.0066444767,0.01736844,-0.0013620493,4.0,2.4763021,1.5988455,99.90225,0.11122795,12.6384735
-0.035857845,0.006608643,0.01732837,-0.001346354,3.9873412,4.393983,1.5988922,72.87701,0.07544645,14.028349
-0.035895094,0.0066391733,0.017374646,-0.0013711313,3.6552649,3.8988202,1.5992103,97.78996,0.11329924,12.841298
-0.036065985,0.006589516,0.017412242,-0.0013046247,4.0,3.340992,1.5760423,99.153984,0.06483503,11.405598
-0.03596136,0.0066189524,0.017400619,-0.0013417379,3.9999974,3.9439495,1.599386,99.01873,0.10022818,12.44645
0.027761854,0.025062472,0.01252767,0.004928596,0.70953774,3.231987,1.4965208,55.004696,0.08073905,20.373152
-0.03592564,0.006576193,0.017260494,-0.0013969378,4.0,2.8903363,1.6001202,99.66833,0.11600252,10.295732
-0.036024965,0.0066612703,0.017427567,-0.0013720213,0.0011706133,2.9166691,1.6314768,98.38553,0.05845606,16.930616
-0.035926692,0.0067245374,0.017395545,-0.001476676,0.010121382,3.1891992,1.5959686,119.01278,0.124619894,14.073536
-0.036138948,0.0067224354,0.017443052,-0.001424004,0.357437,3.6991863,1.5993619,99.09655,0.10394452,16.168573
-0.035992786,0.0066823307,0.017309565,-0.0014366468,3.7138863,3.517544,1.5984832,69.10848,0.09442112,10.432155
-0.03590046,0.006639822,0.017520266,-0.0013055,0.89947265,2.7545907,1.6003139,101.57369,0.11728223,11.029648
-0.03610024,0.006759753,0.017474547,-0.0013544544,4.0,2.561975,1.5996734,64.67316,0.072816245,11.284682
-0.03603101,0.0066801207,0.017536534,-0.0013572255,4.0,2.517349,1.5998532,99.53762,0.08276052,16.711567
-0.03586342,0.0066554938,0.017373687,-0.0013577226,3.9991693,4.226437,1.599028,88.50737,0.15895076,16.963152
-0.0359983,0.0066773137,0.017427417,-0.0013784692,3.704285,3.2578454,1.5997233,69.19122,0.07924026,14.558772
-0.036062177,0.0066843624,0.017482065,-0.0013697507,3.7030776,3.35286,1.5299027,101.45288,0.10659892,13.612758
-0.035996366,0.006637438,0.017507782,-0.0013252179,0.5056475,2.9807322,1.5999895,99.78461,0.08367989,12.023621
0.025845831,0.025346993,0.00569858,0.006867585,3.0929763,3.3018343,1.4875613,41.89217,0.05282422,14.219168
-0.035867386,0.006614047,0.017382432,-0.0013411926,4.0,3.2057605,1.6001536,94.85342,0.11507731,13.486015
-0.035966102,0.0066101095,0.017427048,-0.001357248,3.7041576,2.9262633,1.5998418,91.994,0.044915833,13.984367
0.015314382,0.01615503,-0.00026511197,-0.0047450657,0.60608447,3.7837875,1.6003382,100.52032,0.16945337,15.762859
-0.03596524,0.0067071887,0.01730523,-0.0014312022,3.7019458,3.761929,1.5112311,94.29176,0.08365283,14.455685
-0.03599105,0.0067192367,0.017313179,-0.0014652974,3.7182255,3.27892,1.5991794,97.0265,0.05452326,14.26491
-0.03600938,0.00663696,0.01744607,-0.0013683008,0.14615557,3.0138164,1.5996078,98.935585,0.09645308,13.265839
-0.03613019,0.00673983,0.017540177,-0.0013945053,4.0,2.7389855,1.599687,85.487885,0.083252445,16.472553
-0.035954297,0.006733415,0.01733278,-0.0015181942,0.18115321,3.2835772,1.6004919,57.088882,0.083496325,14.894225
-0.03594392,0.006633141,0.017385334,-0.0013570833,4.0,3.9444635,1.5993106,90.42495,0.05374967,14.198062
0.014628752,0.015638327,9.172078e-05,-0.0056761173,0.6023773,3.6893387,1.6077175,100.191086,0.15055688,10.601186
-0.035906408,0.0065245368,0.017464241,-0.0013567117,0.95078087,2.9544551,1.6002828,63.427063,0.083429456,17.614107
0.017298767,0.018806025,0.0020890862,-0.0049691293,0.5981166,3.7603948,1.6103088,99.76385,0.20168754,19.206627
-0.035919957,0.00661605,0.017420836,-0.0013067861,3.6838617,4.2796226,1.5991566,77.161255,0.10677796,13.928026
-0.035945527,0.0066384748,0.017217075,-0.0014540493,0.53978777,2.997036,1.599878,64.085556,0.0639743,11.582873
-0.035964254,0.0066774236,0.017360391,-0.001500608,-0.021459643,2.7492177,1.5985507,119.779305,0.089965165,20.380636
-0.035981096,0.0066535017,0.017371662,-0.0014313348,4.0,2.8967795,1.5998756,99.58015,0.080520086,13.980759
-0.035951514,0.0066560465,0.017423244,-0.0013668023,3.707711,3.1100283,1.5999585,70.42654,0.050018195,11.699568
0.029388826,0.025615804,0.013356537,0.0061893724,0.5899458,2.999719,1.4855617,54.925613,0.09768308,14.062832
-0.0359536,0.0066394513,0.017417809,-0.0014081869,0.92039776,3.2637324,1.5683088,99.758415,0.079552084,14.991207
-0.03583281,0.006586887,0.017411621,-0.0013121199,0.9493237,2.483783,1.5992072,99.64223,0.09954554,17.758844
0.027731163,0.02521976,0.012089502,0.005005042,1.1165175,3.4039078,1.4942056,47.034668,0.111930974,14.340833
-0.03601315,0.006591939,0.017392611,-0.0013584534,4.0,4.256731,1.5989935,97.82639,0.096865505,12.210527
0.027928635,0.025312439,0.01287264,0.0053830305,1.2534024,3.4586813,1.4837093,42.75546,0.08879238,18.946047
-0.035960037,0.0065951925,0.017412806,-0.0013334014,3.9432056,4.313489,1.5990602,96.16884,0.11117193,12.186145
0.014695054,0.015942045,0.00023063722,-0.0057948264,0.56633115,3.5644178,1.6732748,101.5982,0.060017545,17.414051
0.015906986,0.0172414,0.00043072976,-0.0054175933,0.6042232,3.7641888,1.6279923,100.51066,0.1590839,16.317484
-0.03614612,0.006741712,0.017348541,-0.001623028,0.9502023,2.6845982,1.6010517,64.45796,0.088677004,15.035961
0.027798085,0.02527261,0.011692652,0.0051883967,1.467056,3.5055892,1.4863744,41.81061,0.110903375,16.191132
-0.035951424,0.006688329,0.0173433,-0.0013469126,3.708275,3.7280295,1.5992546,69.21116,0.07767949,17.794428
-0.03596469,0.0067027765,0.017357623,-0.0014198897,3.712271,3.560418,1.5984733,69.35312,0.07739163,10.08439
-0.03593145,0.0065701646,0.017387593,-0.0013797204,0.59339267,2.8442712,1.5994271,61.957123,0.06449269,15.671943
0.015325958,0.016124912,-0.0002379433,-0.009032694,0.6192099,3.747743,1.6175629,100.80321,0.12719443,11.215573
-0.036010355,0.0066170534,0.017403513,-0.0013669212,4.0,2.9265208,1.6001993,99.826004,0.14679395,12.096125
-0.03609832,0.0067172395,0.017637111,-0.0013127534,2.6986964,3.1945145,1.5994784,100.14592,0.081418954,12.657147
-0.035989415,0.0066358647,0.017496113,-0.001340779,0.43408656,2.9658623,1.6002688,99.98757,0.058573943,10.323151
-0.035989136,0.006968476,0.01710165,-0.0015545742,0.51508516,3.3755352,1.5996958,42.532047,0.09042443,18.589226
-0.035987947,0.006607581,0.017374333,-0.001340847,4.0,2.9314046,1.6001035,99.84908,0.11624854,12.838176
-0.036015216,0.0066872626,0.01752419,-0.0013356383,-0.0040194113,2.9591498,1.6003054,98.66227,0.10061581,15.350201
-0.03597566,0.0066335243,0.017408231,-0.0013423682,4.0,4.017635,1.5994407,87.624344,0.061267566,12.132234
-0.036025345,0.0067135533,0.017503344,-0.0013267169,3.7081852,3.6083407,1.5612863,69.42832,0.09017757,16.699106
-0.036084197,0.00670637,0.017591214,-0.0013029306,3.2015684,3.047313,1.5993742,99.88833,0.06729824,15.319161
-0.035819277,0.0066777933,0.01709248,-0.0015520894,3.6954975,3.2507913,1.5962586,147.90617,0.10507177,15.398538
-0.035819426,0.0067002242,0.017243026,-0.0015138024,0.92079157,2.250567,1.5981884,64.98115,0.09407092,18.715895
-0.035979755,0.0066689095,0.017452532,-0.0013216046,3.7063546,3.891519,1.5993166,68.71443,0.089275375,13.379891
-0.035965465,0.006615479,0.017407395,-0.0013825471,0.68426263,3.108038,1.599251,99.61107,0.050817773,15.082309
-0.03606861,0.006716727,0.017240949,-0.0015619472,3.697651,3.3367908,1.5998724,118.101135,0.102467775,10.376544
-0.03602216,0.006701739,0.017409584,-0.0014045953,1.034467,2.7768064,1.6189784,96.25823,0.064435475,18.516008
-0.035987712,0.0066225645,0.0175008,-0.0012811718,0.00085426384,3.0600739,1.5987701,98.866806,0.067703746,18.7996
-0.035932686,0.006599571,0.017384546,-0.0014027578,3.6982572,2.766296,1.6007015,71.181786,0.04246752,13.682312
-0.03599276,0.006623302,0.017573243,-0.0012864611,0.54451793,3.445753,1.6001675,99.507355,0.092874296,15.16441
-0.036092397,0.006660278,0.01750453,-0.0013314661,0.29466575,3.0136878,1.5992075,99.20157,0.08123301,18.253447
-0.03602968,0.006657551,0.017521203,-0.0013791377,0.003922223,3.0390656,1.557018,98.89025,0.10649951,13.548615
0.015788171,0.017133536,0.00056230125,-0.0050041904,0.6087106,3.8034282,1.6033736,100.54961,0.16895846,16.711359
-0.036017112,0.0066783275,0.017424634,-0.0014292173,0.95316106,2.9902525,1.6002139,98.398964,0.08199682,20.47334
-0.036035992,0.006762093,0.017284298,-0.0013357102,3.6848645,3.419691,1.5945148,148.57076,0.10182864,19.629484
-0.03600315,0.006620915,0.017473405,-0.0013532987,0.0030491825,3.1293623,1.5992665,99.51276,0.06721957,14.003886
-0.035922017,0.006704812,0.017362615,-0.0013974382,3.7041438,3.471686,1.5994061,69.41603,0.16231535,10.795029
-0.036141623,0.0067885392,0.017390259,-0.001498687,3.7136426,3.3594406,1.5995787,68.10836,0.10068828,13.5027685
0.0147362035,0.015697941,-0.00038484283,-0.00447886,0.6059329,3.7371953,1.5997968,99.98173,0.1498361,11.451842
0.014976195,0.016448343,6.392559e-05,-0.006174222,0.61656976,3.7951725,1.5732795,115.11187,0.1751945,17.582674
-0.0359786,0.006646989,0.017516688,-0.0012987244,-0.003375296,3.0015094,1.5995929,99.201546,0.09434186,15.809089
-0.035710294,0.0065429066,0.017235398,-0.0013601956,3.6656966,3.782816,1.5996746,87.5134,0.117534444,13.8892765
-0.03595625,0.0065719937,0.017404344,-0.0013609482,0.0044194297,2.9817374,1.5989914,99.542564,0.040310882,13.347391
-0.03602394,0.0066140625,0.017377561,-0.0013629718,4.0,2.9113111,1.5999804,99.56397,0.09934755,12.754181
-0.035953037,0.006520574,0.01728182,-0.0013549912,4.0,2.932316,1.5999669,99.38148,0.07979918,11.246011
-0.036081035,0.006652117,0.017552646,-0.0013548568,4.0,3.527621,1.5999147,101.84445,0.05600202,17.336325
-0.0360086,0.006642103,0.017511878,-0.0013207789,0.35549226,2.98522,1.5997516,99.92283,0.08836006,12.639547
-0.03600862,0.006745968,0.017415797,-0.0013844989,3.7148583,3.197885,1.5983152,144.14232,0.100084424,13.990042
-0.035986293,0.0066631217,0.017392194,-0.0013796694,3.999842,3.834675,1.5993407,99.29501,0.07703094,12.129602
-0.03604916,0.006673419,0.017437983,-0.0013178714,3.7138453,3.1800864,1.5977004,147.75084,0.056802552,18.55855
-0.035868496,0.006687541,0.01732899,-0.0012865174,3.7029283,3.0927687,1.598743,70.13329,0.094280705,19.482975
-0.035977542,0.006613542,0.017412554,-0.0013882755,0.006526323,2.994936,1.5991504,99.34681,0.04665826,12.191484
-0.035964694,0.0065796925,0.017381558,-0.0013728017,0.005394315,3.0050108,1.5990611,101.16145,0.03170686,12.220857
-0.036000375,0.0066879867,0.017444048,-0.001402042,4.0,2.5534153,1.5993122,99.58284,0.06636242,18.205463
0.016562251,0.018082248,0.0010377904,-0.005247685,0.61370385,3.745952,1.5964731,99.97322,0.14956516,17.752266
-0.035991605,0.006623976,0.017474992,-0.0013355407,0.5507111,2.9770048,1.5997335,98.478485,0.082968876,17.512726
-0.0360264,0.006667378,0.017412616,-0.0014355468,0.0003094397,3.6303077,1.5987344,99.44486,0.105392046,13.861533
-0.036003064,0.0066841017,0.017490024,-0.0013501854,4.0,3.4603107,1.5999464,118.299484,0.076759174,15.639525
-0.035846397,0.0064997105,0.017563056,-0.0011886472,0.60402805,3.3581977,1.6005851,98.72003,0.022383478,15.371252
-0.035984162,0.0066297427,0.01746366,-0.0013144012,0.22743471,3.1920676,1.6001155,99.77634,0.083998024,11.493763
-0.035591435,0.0070313476,0.016348612,-0.0015758332,0.78416157,2.7112358,1.6018806,70.7536,0.5347511,15.845286
-0.0359764,0.006720613,0.017364806,-0.0014570043,3.7023635,2.613536,1.5999585,68.865166,0.0733686,11.650757
-0.03594782,0.006687238,0.017369475,-0.0014032965,4.0,3.9878614,1.5995319,98.32075,0.17301928,14.858834
-0.036025323,0.0066833324,0.0173891,-0.0013453403,3.7129962,3.2227035,1.599143,149.17276,0.056621253,17.434744
-0.035925083,0.0066419533,0.017383682,-0.001335602,3.7046804,4.2149763,1.5989393,73.58814,0.09053553,14.241677
-0.03601585,0.006612978,0.017464291,-0.0013567735,4.0,3.2034502,1.6000425,99.924736,0.11801505,14.035313
-0.035891943,0.0066648545,0.01718605,-0.001478651,3.7089002,3.344038,1.5985162,101.561165,0.07610966,10.669133
-0.03593082,0.006665185,0.017394213,-0.0013751666,3.7072172,3.557058,1.5987698,69.26497,0.09928378,10.637152
-0.03587177,0.0066095856,0.01753916,-0.001280142,3.712418,3.230243,1.6012356,63.107117,0.23453227,13.584838
-0.035984367,0.0066002067,0.017428298,-0.0013585413,0.6053566,3.5666597,1.5996414,99.08589,0.068969026,17.35817
-0.03594484,0.006654927,0.017389908,-0.0013930082,4.0,3.6441925,1.5995523,101.44948,0.06510918,15.864174
-0.0360671,0.00645052,0.01725983,-0.0010578894,4.0,3.882096,1.5452144,99.76886,0.099599294,11.116045
-0.03600502,0.0066660778,0.017492687,-0.0013325502,3.7049801,3.1110547,1.60002,69.658806,0.078175955,13.913091
-0.035863243,0.0066977777,0.017238082,-0.0014477397,3.7129505,2.6171935,1.550782,53.36937,0.10270915,11.979972
-0.03586407,0.0066331034,0.017347336,-0.001399535,0.9530337,2.622585,1.5998682,99.44936,0.08833836,16.299374
-0.03596899,0.0066728606,0.017335512,-0.0013977786,0.0011548409,2.9358525,1.6206949,98.61163,0.050756503,15.881972
0.01280112,0.015936913,0.0021625718,-0.0033316698,0.7853602,2.9806292,1.6000913,100.05641,0.05963802,17.395187
-0.036150645,0.006714002,0.01764782,-0.0013674968,2.0952947,2.9045367,1.5920798,99.514854,0.036288686,15.815184
-0.035984356,0.0066580987,0.017506594,-0.001320946,-0.012962368,3.1782868,1.6000234,99.82826,0.10724151,12.179652
-0.03595407,0.0066343704,0.017428245,-0.0013897169,0.9199714,3.147292,1.6006248,95.96201,0.11597439,19.106134
-0.035994533,0.006623564,0.017341021,-0.0013790528,4.0,3.789267,1.5993242,99.1722,0.016379982,12.476992
-0.035959832,0.0066185705,0.017431049,-0.0013475249,0.008076977,2.9759898,1.5993141,99.70541,0.06594976,13.330725
-0.03599128,0.0066474057,0.017483981,-0.0013462506,0.003172658,2.9969513,1.5994052,99.6928,0.06979673,13.073569
-0.03616325,0.0067160274,0.017564638,-0.0013700505,0.90605634,3.3260796,1.602254,65.41714,0.06920742,10.695494
-0.035885718,0.006682029,0.01740129,-0.0013539233,3.9999988,4.178327,1.599148,90.298355,0.22084436,15.486943
-0.03622687,0.0067725647,0.017576018,-0.0014090254,3.712079,3.5155983,1.599364,68.73666,0.06843013,14.028526
-0.035968237,0.006602807,0.017423581,-0.0013638566,0.0050585875,2.9381127,1.5990397,99.3933,0.04732624,12.758474
-0.03585761,0.0066391267,0.017425172,-0.0013378536,3.6953342,2.4785542,1.5995661,90.60218,0.14956743,15.398659
-0.03624622,0.0068619703,0.017375832,-0.0016144809,-0.0014916194,2.6121466,1.5950598,106.915726,0.09859398,15.435443
0.01816822,0.0065678493,0.0025382456,-0.00018005777,0.31179893,3.356179,1.442498,102.620125,0.021779744,18.247072
-0.03601502,0.006680943,0.017483491,-0.0013603637,1.2736984,3.1692472,1.5702548,99.969864,0.060763244,15.566487
-0.036131397,0.0067706727,0.017423417,-0.0014450758,3.7155986,3.4033332,1.5985267,68.95539,0.057339896,10.13967
-0.036085088,0.0066642775,0.017594945,-0.0013367998,3.2067394,3.1458445,1.6005735,86.57177,0.034570694,12.876055
-0.035834577,0.007023651,0.017311912,-0.002158173,4.0,3.163373,1.6586165,102.40037,0.1290079,10.49876
-0.036065847,0.006648312,0.017484965,-0.0013620998,4.0,2.923878,1.6001483,99.376396,0.10552078,13.983917
-0.035922132,0.006710588,0.017344289,-0.0014201546,3.9999774,3.982648,1.5995107,100.61285,0.1778675,16.954725
-0.036035392,0.0066331383,0.01733742,-0.0014391473,0.51366043,3.0117915,1.6005833,61.99544,0.0809424,15.345342
-0.036016818,0.0066198255,0.017453263,-0.0013174706,4.0,3.5594146,1.5996252,99.3728,0.10015976,14.312889
0.015246313,0.016402246,0.00015431434,-0.006982414,0.6130465,3.6171758,1.6451029,100.928505,0.09735099,15.296221
-0.035965014,0.006622232,0.017444499,-0.0013045449,0.0011629524,3.3075895,1.6003898,100.48839,0.09216913,10.680535
-0.03597455,0.006671439,0.017475063,-0.0013363305,-0.0003855979,2.9920137,1.59994,99.549774,0.10297616,13.476824
-0.03590507,0.006597704,0.017336102,-0.00137682,3.989268,3.8341107,1.5989072,99.587395,0.029655471,13.096414
-0.036036547,0.006705647,0.017381405,-0.0014233685,3.7088082,3.3834627,1.5985093,69.453804,0.08655052,10.405971
-0.03604778,0.006662894,0.01751406,-0.0013305686,0.57496727,2.7412229,1.6012335,93.976074,0.08323731,20.108326
-0.036272347,0.006310813,0.017654754,-0.0014530607,0.9718308,2.4296868,1.5982224,63.66589,0.043895382,16.554058
0.028230624,0.02511506,0.012091604,0.0048378124,0.6527589,3.2896092,1.5002708,60.3703,0.10114981,14.288958
0.017022578,0.018685961,0.0020702037,-0.0047709295,0.6002516,3.7554667,1.5952104,100.67154,0.17172967,15.471424
-0.036036175,0.0065754126,0.0173322,-0.0013013461,4.0,3.7110317,1.5488749,100.254135,0.07941572,16.306448
-0.035976283,0.0064872545,0.017503586,-0.0013302272,0.57982385,3.4546742,1.6019197,99.23066,0.030506779,16.879883
-0.03593404,0.006641908,0.017424341,-0.0013372672,6.504242e-05,2.9482005,1.5986849,99.52084,0.0705807,16.115826
-0.0359526,0.0065905163,0.017420767,-0.0013542608,0.0048923013,3.0137737,1.599026,99.42712,0.04774689,12.627779
-0.03615967,0.0067503382,0.017534966,-0.0014160824,0.297121,3.1380632,1.599795,110.63939,0.019379584,14.041164
-0.0360158,0.0066642826,0.017388038,-0.0014269407,0.0006095661,2.9169812,1.6286895,98.36533,0.04546855,15.910052
0.014771776,0.015365663,-0.00062760676,-0.005837537,0.60726404,3.7488062,1.6211047,100.43507,0.1399494,14.413093
-0.035664566,0.00664779,0.01725045,-0.0013924406,0.58589166,3.0094523,1.6001378,65.052,0.08571208,13.190637
-0.035962965,0.00663455,0.017418725,-0.0013674132,0.48124376,2.6887064,1.5992643,98.24759,0.080406375,16.396893
-0.036003657,0.0066628344,0.017482953,-0.0013168686,3.7072816,3.6183312,1.5993813,68.83448,0.087961815,12.587456
-0.036038417,0.0066394988,0.0174881,-0.0013532311,0.002535002,3.3743744,1.5994791,99.6341,0.097876176,15.829571
-0.035856925,0.0066338643,0.017316094,-0.0013918056,3.989416,3.7592385,1.5882204,103.17965,0.06259662,16.54997
-0.035841603,0.0066436,0.017267406,-0.0013949855,3.6594994,3.8784585,1.5990584,93.51011,0.102976754,11.06948
-0.03612221,0.006674678,0.017477693,-0.001403678,0.9514654,3.032599,1.6017011,63.26755,0.054840684,11.399268
-0.036263976,0.006902917,0.017689608,-0.0014543057,4.0,2.9668632,1.6008358,70.32636,0.09722095,13.963438
-0.036069304,0.0067557557,0.017513748,-0.0013944218,4.0,3.2488203,1.5992737,52.01775,0.08992798,12.591901
-0.035918433,0.0066385525,0.01740247,-0.001375721,0.9639477,2.8215885,1.599933,99.61528,0.079533964,16.490887
-0.036017045,0.006652178,0.017523764,-0.001330638,0.44544104,3.0042605,1.5999062,99.87989,0.104651,14.435776
-0.03594231,0.0065756007,0.017326059,-0.0013629278,4.0,2.9178464,1.6001651,99.809326,0.12568694,11.653986
-0.03598895,0.006632916,0.017415604,-0.0013601886,3.6920319,3.9449375,1.5991546,99.14578,0.09809407,13.73367
-0.035911333,0.006630339,0.017436707,-0.0013208841,0.6032517,2.881567,1.5997516,97.13479,0.10258555,16.792206
-0.035933256,0.0066880216,0.017367834,-0.0013871848,3.7087038,3.0098848,1.5992748,100.26218,0.07927972,11.08549
-0.036093436,0.0066877548,0.017457165,-0.0013140202,3.7144296,3.1671462,1.5958316,141.18071,0.038379528,14.627649
0.014918362,0.015670164,-0.0007872389,-0.0052103866,0.60302716,3.7233186,1.608339,100.005775,0.13163096,16.3914
-0.0360027,0.006663176,0.017427728,-0.0013712073,4.0,3.92314,1.5993466,100.38945,0.06468412,15.124603
-0.036058772,0.006710397,0.017520394,-0.0013549147,3.7083504,3.2819574,1.5996003,69.18917,0.06784821,12.352509
-0.035995696,0.0066824327,0.017480517,-0.0013202614,0.0029082824,2.954561,1.6293304,98.63626,0.09951633,15.857795
-0.03587639,0.0066240304,0.017323615,-0.0013541273,3.7046208,3.9799473,1.5985967,70.72973,0.088453986,11.098717
-0.035923354,0.0066770045,0.017279515,-0.0014832504,-0.0096773505,3.0718775,1.6003314,90.06,0.109110646,17.413795
-0.035885576,0.006648097,0.017370053,-0.0014170518,4.0,3.029036,1.6001118,91.379684,0.11404971,12.809659
0.013790403,0.016251963,0.0019050272,-0.0035617847,0.7598046,3.01636,1.6027865,99.623314,0.055870906,19.415369
-0.03607466,0.00668256,0.017466515,-0.0014066321,4.0,2.9484136,1.599812,99.93995,0.08984442,16.157324
-0.035955034,0.0066506905,0.017468935,-0.0013044878,-0.0034676772,3.0050526,1.5994103,99.735374,0.09803066,14.454856
-0.035993714,0.0066006803,0.017404938,-0.0013803134,3.7640781,4.120892,1.598686,95.58114,0.07877968,11.1452675
0.016444901,0.01796426,0.0012662011,-0.0053742775,0.61113423,3.793702,1.6074845,100.48372,0.17204233,15.901102
-0.036130495,0.006697022,0.01758138,-0.0013245163,4.0,2.8273523,1.5995543,77.44742,0.06442224,19.501202
0.014447588,0.016169094,-0.00025600655,-0.00572788,0.5957749,3.748129,1.5730752,101.123116,0.08488819,16.753756
-0.036003627,0.0066737058,0.017382724,-0.001348751,3.7051377,4.1148806,1.5990545,68.602,0.06672132,13.126761
-0.03593806,0.0065511935,0.017311737,-0.0013536164,4.0,2.923084,1.6001432,99.71244,0.11730761,11.404605
-0.036102057,0.006663084,0.017456755,-0.001395019,4.0,2.8321471,1.5996125,99.72908,0.04853395,16.62202
-0.03588137,0.006508453,0.017563488,-0.0012441974,0.6218524,3.4385016,1.5987319,98.9583,0.026282543,14.66957
-0.036052946,0.006633784,0.017537577,-0.0013162374,3.7005901,3.274834,1.503158,85.29316,0.14355844,11.051563
-0.036292057,0.0067459485,0.017519126,-0.0015664976,0.95673877,3.2063298,1.6009715,64.28441,0.07505977,17.288471
-0.036033746,0.006677144,0.017457522,-0.001361315,0.00010529962,2.9758887,1.6318148,98.653786,0.08332718,14.714421
0.015464353,0.016708061,-0.0006917343,-0.0077536916,0.6697878,3.652805,1.6342325,86.628044,0.035004452,17.756023
0.015065815,0.0156297,-0.00075800164,-0.007910584,0.61947685,3.7812278,1.6166611,100.991585,0.14946552,13.007158
-0.035929546,0.0066956454,0.01738856,-0.0013790872,3.6987877,3.311435,1.5990696,99.70805,0.099773206,10.743318
-0.03599793,0.00666161,0.017466648,-0.0013326667,3.7080007,3.6761203,1.5995679,69.05278,0.10594334,13.364264
-0.035950802,0.006599919,0.017392285,-0.0013441732,4.0,3.72339,1.599594,99.7512,0.02894434,11.936832
-0.03594236,0.0066133016,0.01749596,-0.0013232892,0.9214114,3.0520635,1.60035,95.601616,0.11721214,19.13311
-0.03598283,0.0066550914,0.01725302,-0.0014115957,4.0,3.0010822,1.5969702,93.224915,0.087758586,20.084528
-0.03608878,0.006690797,0.017555872,-0.0013693442,0.5085945,3.3907275,1.5999222,99.53014,0.11485787,13.596364
-0.036213025,0.0066941585,0.017393611,-0.0015691029,0.5524559,3.567602,1.5900679,98.311226,0.102012806,18.43645
0.027492747,0.024936277,0.011396069,0.0048000645,0.5792147,3.1121063,1.5040925,62.764133,0.1055687,14.388781
-0.036008943,0.0066352035,0.01748307,-0.0013115958,4.0,3.5726807,1.5998002,99.14178,0.10720552,14.817483
-0.035941157,0.006719125,0.017321924,-0.0014391898,0.5068685,2.9104955,1.6008018,65.14119,0.075492345,11.609246
-0.03587265,0.0066164555,0.017424103,-0.0012937537,4.0,3.9725997,1.5992166,87.68547,0.04377285,14.704037
-0.035879474,0.0066267583,0.017261572,-0.0015027578,0.00095640897,2.743382,1.5692948,97.99788,0.06348583,11.631625
-0.03591774,0.0066960347,0.017296027,-0.0014627984,0.58553684,2.295206,1.5996556,98.65454,0.16623682,15.516907
0.014916644,0.016231894,0.0005327378,-0.0060580275,0.60834616,3.7219014,1.6319215,99.879776,0.10807983,10.103227
-0.03587944,0.0066213077,0.017278533,-0.0014065283,3.7114444,3.733052,1.5987378,100.08752,0.07931786,11.776249
-0.035846304,0.0068392046,0.017046785,-0.0016651076,-0.11729987,2.6634624,1.6019576,134.50377,0.10295518,10.017647
-0.03610393,0.006734957,0.017330335,-0.0015519133,0.34670147,2.8135908,1.5993662,117.04157,0.07749939,19.851376
-0.03598833,0.006672163,0.017371278,-0.0013041422,3.7073817,3.2785876,1.5956986,148.50359,0.068972364,18.802418
-0.035957437,0.0066409446,0.017461509,-0.001336153,-0.0007809597,3.0244348,1.599509,99.41803,0.09155371,13.891915
-0.036139518,0.00690414,0.01760662,-0.001538896,4.0,3.162693,1.5990616,61.093918,0.06518284,12.765255
-0.03605322,0.006589019,0.01747964,-0.0014106632,0.46890333,3.1489396,1.5834237,99.77296,0.08468353,16.813969
0.015551663,0.01684421,0.0005603013,-0.005569451,0.6034645,3.7822683,1.6334467,100.662155,0.12305543,18.485695
-0.03593784,0.006648436,0.017431453,-0.0013818162,0.95449615,2.6353197,1.5994968,99.86142,0.084503904,17.374777
-0.035910543,0.006542244,0.017357437,-0.0013599562,0.013391528,2.9662943,1.5655034,99.12527,0.06651118,10.57572
-0.035988197,0.006647985,0.017521301,-0.0012915635,-0.0010196489,3.0280676,1.5994135,99.61307,0.09735838,13.450879
-0.03605548,0.0067101093,0.017442042,-0.0014193411,4.0,2.8567972,1.5996473,94.5656,0.061938647,17.646177
-0.035891768,0.006626905,0.017405497,-0.0013213209,4.0,3.9735613,1.5991397,87.244354,0.07175992,13.553984
-0.03599654,0.0066613327,0.017362334,-0.0014306149,4.0,2.873427,1.6000378,99.650566,0.10688869,12.015508
-0.03611347,0.006685022,0.017445177,-0.0014267471,0.58561164,3.6657877,1.5994961,98.67183,0.07329148,18.55467
-0.035893224,0.006586098,0.017408926,-0.0014271842,0.9545801,2.6332967,1.599917,62.630272,0.092019774,16.160475
-0.03568404,0.006498395,0.017026596,-0.0016152698,0.38865256,2.9484837,1.5988728,117.309326,0.0965265,17.718311
0.023912229,0.023173636,0.008413015,0.002050432,0.601669,3.403942,1.5343511,74.90247,0.15284345,19.402647
-0.0066284644,0.014133673,0.0109366905,-0.00086182577,1.001081,2.818413,1.5872453,96.647156,0.04407287,20.714117
-0.035988778,0.006655946,0.017497856,-0.0012942514,-0.0028154505,2.9791942,1.5999821,95.96934,0.08303193,19.134836
-0.036029514,0.006595588,0.017428104,-0.0014277347,0.48662552,2.9778857,1.5685006,98.30344,0.08993787,14.310946
-0.035923652,0.0066591143,0.017287266,-0.0013687998,3.7173734,4.269311,1.5986825,67.63803,0.05510137,13.695699
-0.036012758,0.0066279895,0.017472507,-0.001333748,0.4758924,2.990058,1.5996257,98.50199,0.099587016,15.596033
-0.03602081,0.006668695,0.017480979,-0.0013188762,0.11464545,3.0708857,1.599809,96.764046,0.115818836,12.529173
-0.03597557,0.006580253,0.017439105,-0.0014905912,0.95091474,2.928004,1.6019627,63.96661,0.07300815,14.495482
-0.0359142,0.006264094,0.018112065,-0.00086269306,0.61267215,3.0467746,1.6108795,97.99166,0.002456181,11.085835
-0.036010414,0.0066943136,0.017464165,-0.0013284907,4.0,3.990256,1.5989023,92.9916,0.13478576,15.7897835
-0.035957247,0.0066620884,0.017459622,-0.0013071,3.7079449,2.7996268,1.5997361,97.17218,0.09362035,16.545992
-0.03596057,0.0066575953,0.01744548,-0.0013766756,4.0,3.1129613,1.6000997,101.099464,0.118420914,14.828071
0.017552057,0.018284278,0.0010911439,-0.0054579335,0.5970318,3.6259503,1.555853,121.87935,0.14278641,16.779007
-0.036034975,0.00660816,0.017386165,-0.0013474055,4.0,3.977938,1.5997792,99.48609,0.055380765,10.805432
-0.035998043,0.0066200146,0.017318405,-0.0013750382,4.0,3.5493274,1.5996221,99.90482,0.0743223,12.413325
-0.03600868,0.0066621327,0.01749553,-0.0013449489,-0.003065706,2.9012563,1.543411,97.92077,0.07940416,14.702481
0.020573735,0.021251503,0.005163649,-0.0022167796,0.607408,3.708606,1.578211,91.62544,0.16601428,20.25391
-0.03596555,0.006664524,0.017390458,-0.0013844866,3.9996607,3.8254619,1.5993209,99.37323,0.11110196,13.846861
-0.036313474,0.0070294887,0.017781032,-0.0014423644,4.0,3.5091252,1.5999366,51.8504,0.058535084,12.462987
-0.03620111,0.0067369444,0.017589645,-0.0013374661,3.7159536,3.464395,1.5984844,68.169815,0.05036542,10.255334
-0.03605747,0.0066607986,0.017393326,-0.0014453346,4.0,2.94236,1.5995206,99.658646,0.041467335,17.77338
-0.036107823,0.0069271,0.017402349,-0.0014840706,4.0,3.123251,1.5994599,55.778904,0.06946167,10.487211
-0.035928722,0.0065999324,0.01747181,-0.0013147062,0.60493386,2.9309628,1.5997502,97.800446,0.09706337,16.987701
0.014603909,0.015241264,-0.00062946824,-0.004805152,0.60510975,3.760995,1.6039511,100.27822,0.15629767,13.266742
-0.036079515,0.006684032,0.017482542,-0.0014101784,0.9505913,2.9690769,1.6004428,98.96484,0.08725677,19.618599
-0.0360544,0.0066525885,0.017448964,-0.0013636748,0.38475445,2.8950555,1.5994378,96.76583,0.07742048,19.200724
-0.03597384,0.0066430788,0.017500266,-0.0013375316,0.6012498,3.026132,1.6000693,99.55253,0.10316294,15.9498
0.02663401,0.025142867,0.01186714,0.0039203297,1.6136181,3.4697819,1.5070163,46.674137,0.14490514,13.851276
-0.036020715,0.006563362,0.01751977,-0.0014085401,0.94842833,2.9973269,1.6016597,63.24467,0.07385803,13.67094
-0.036011685,0.0066386187,0.017440645,-0.001433044,0.96777123,3.0375407,1.600661,62.35184,0.0607785,16.90878
-0.03605683,0.006703563,0.017571324,-0.0013933274,-0.0026170185,3.351579,1.5507642,99.570145,0.14259474,14.487702
-0.036015626,0.0067185713,0.01749347,-0.0013513317,0.0037090702,3.08192,1.6236755,106.81064,0.1118051,14.530993
-0.03591517,0.0066099893,0.017280929,-0.0013685529,3.977499,4.3338323,1.5986297,67.18609,0.051362503,12.019034
-0.03592128,0.0065937187,0.017342396,-0.0013785716,3.9973688,4.2465734,1.5990057,96.87816,0.13231242,12.8272705
-0.036035147,0.006672498,0.017474875,-0.0013397544,4.0,3.9937422,1.5991229,99.11552,0.10867331,13.382825
-0.035985593,0.006723538,0.01724778,-0.0014340472,3.7048109,3.0826132,1.597427,106.05804,0.05982206,18.450201
-0.03604886,0.006666348,0.017563967,-0.0013587967,-0.0024122775,3.5436265,1.5611782,99.9189,0.112053156,15.388819
-0.03594627,0.0066155456,0.01728652,-0.0014033929,0.8317663,3.1125474,1.5587802,100.06255,0.051206354,10.727491
-0.03619317,0.006927107,0.01763646,-0.0014358432,4.0,3.135646,1.6000336,61.730858,0.07714644,11.6384325
-0.035846546,0.006603065,0.017439991,-0.0012674968,4.0,4.009187,1.5990925,83.39615,0.02697353,11.287443
-0.036032952,0.006634626,0.0174941,-0.0013518638,0.0019425602,3.6713035,1.5998966,99.48215,0.07293663,13.060971
-0.03590452,0.0066008167,0.017392935,-0.0013407049,-0.0036728687,3.1669629,1.5986295,99.75348,0.0774057,16.913357
-0.03595627,0.00670751,0.017483285,-0.0013549285,0.9717656,2.7382445,1.599843,99.83831,0.105279766,10.745055
-0.036017198,0.0066300416,0.017439248,-0.0013809701,0.3031808,2.9631243,1.5990285,98.686226,0.06404629,17.30535
-0.035955057,0.0065835724,0.017558819,-0.0012674119,0.6186599,2.7437117,1.6003087,98.86206,0.09076582,13.316695
-0.03564308,0.0066648996,0.017091887,-0.0013839474,3.6429908,3.5180464,1.6001269,92.05936,0.06859022,10.137235
-0.035944864,0.0066836732,0.017396886,-0.0013853067,3.70497,3.2780826,1.5992644,99.36228,0.103723764,15.098028
-0.036025845,0.006660162,0.017430058,-0.0013818365,4.0,2.8485532,1.6000205,99.80329,0.122696646,12.484392
-0.0359238,0.0065976493,0.01739673,-0.0013474664,3.740201,4.2065277,1.5991477,96.58127,0.12590866,12.725478
-0.035942685,0.006628807,0.01734939,-0.0013791798,4.0,3.6685166,1.5994512,99.16331,0.032672476,13.213171
-0.036016803,0.0066803475,0.017410994,-0.001395756,4.0,2.9275126,1.599833,100.132965,0.1578476,15.469294
-0.035932895,0.0065890756,0.017358398,-0.0013720302,0.0063992427,2.983311,1.5984184,100.21889,0.038864303,13.715035
-0.03495051,0.0076532075,0.017254608,-0.0009775672,0.61909133,3.1094177,1.5962349,45.439713,0.04628541,19.912283
-0.035932433,0.006602603,0.017348927,-0.0013751992,3.9998202,4.197324,1.5990294,98.46365,0.10035942,11.73449
-0.036034234,0.006692321,0.017456194,-0.0014044632,4.0,2.7449975,1.5996877,99.652695,0.069780044,18.58293
-0.03594553,0.0067137154,0.017421499,-0.001401434,0.002137387,3.259635,1.599995,100.25483,0.10825708,10.764961
-0.035959512,0.006749581,0.017223572,-0.0014806509,0.56072056,2.5230167,1.5989925,64.04794,0.08657329,15.2972355
0.014567101,0.01520509,-0.00050724164,-0.0048309728,0.60448885,3.7566319,1.6038014,100.034935,0.14797519,13.498456
-0.03602606,0.0066656927,0.017477674,-0.0013304071,3.7109141,3.4609935,1.5987846,69.036934,0.07848789,10.842223
-0.035955932,0.0065995404,0.017375203,-0.0013608241,4.0,2.9930272,1.6001981,99.76005,0.12741686,12.4554405
-0.036020268,0.006653174,0.017395375,-0.0014049433,4.0,2.8763018,1.5996975,99.84075,0.077288166,14.987641
-0.036023058,0.0066687902,0.0174747,-0.0013806704,4.0,2.9702876,1.5997014,99.65387,0.111145705,19.308865
-0.035928886,0.006653784,0.017333427,-0.0013730207,3.7025902,4.152412,1.5989524,68.54956,0.07779333,13.5200205
0.016245333,0.018010946,0.0006946793,-0.0058779186,0.61780775,3.7989697,1.5826669,100.54424,0.16023524,18.302475
-0.035950962,0.0067196703,0.017322322,-0.001518546,-0.0013113633,3.604391,1.6009921,104.013824,0.06606633,10.952822
-0.035934556,0.0066255275,0.017380169,-0.001354207,3.7042553,3.7369397,1.5991883,105.52015,0.080409594,16.958694
0.015494498,0.016326727,-0.00021787877,-0.0050384975,0.6079548,3.7459595,1.5958564,100.15705,0.16523044,16.346174
-0.03602664,0.0066597746,0.017301692,-0.0014210474,4.0,4.002665,1.5992798,99.413445,0.054733407,11.627528
-0.03589182,0.00647509,0.0173077,-0.0014309769,0.9253789,2.5014296,1.5982579,64.41262,0.0546514,14.650592
-0.035969023,0.006642735,0.017482184,-0.0013225323,3.705242,2.8854067,1.5997406,97.03066,0.063927695,13.474024
-0.03603656,0.0066064564,0.017353673,-0.0015483717,0.93809587,2.497584,1.5995504,62.584576,0.08463168,15.713242
-0.036030162,0.0066511156,0.017455691,-0.0013727889,4.0,2.9388971,1.5999972,99.148224,0.09608047,12.607054
-0.03595645,0.0066642845,0.017428707,-0.0013598868,4.0,3.550975,1.5999959,104.78504,0.094100244,11.231364
-0.036102116,0.0066767745,0.01748723,-0.001382361,4.0,2.701943,1.5992267,98.97375,0.03215647,15.888137
-0.035984617,0.0066645197,0.01748081,-0.0013131298,3.705881,2.9426236,1.599481,97.73229,0.069195025,14.546634
-0.03602892,0.006668827,0.017413704,-0.0014059796,4.0,2.8497272,1.5997812,99.93447,0.07335823,15.841788
-0.036184207,0.006707619,0.017558008,-0.0014202854,4.0,2.700364,1.599027,98.7468,0.021986311,16.161522
-0.03597697,0.0066690245,0.017513705,-0.0013517637,0.5881264,3.2808871,1.5999721,100.027885,0.1290389,11.262656
-0.036037583,0.0066865995,0.017360695,-0.0014373919,4.0,2.7576106,1.5993205,99.76207,0.05803255,17.560717
-0.036036666,0.0066664894,0.017578578,-0.0013147095,0.57593524,2.4573078,1.5999033,98.92001,0.079106525,14.623054
-0.036015954,0.006667637,0.017549597,-0.00130373,-0.004252092,3.012534,1.599619,99.32981,0.103240654,13.959005
0.014700152,0.015276994,-0.0007991818,-0.0049768924,0.6073495,3.7583435,1.6127403,100.20266,0.15812866,15.846288
-0.03598651,0.0065878606,0.017514627,-0.0012868266,0.42693415,2.915467,1.5994679,97.414055,0.06750743,18.63334
-0.0359707,0.0066467724,0.017500427,-0.0013514488,0.9556506,3.043258,1.600072,99.26879,0.117285445,12.503765
-0.035968043,0.0067010387,0.01742953,-0.0013673953,3.7084987,3.1970959,1.5987169,99.027534,0.09461267,16.493664
-0.03611461,0.0067099584,0.01741247,-0.0015132542,0.98327184,3.921526,1.6012574,99.67852,0.03547433,14.732485
0.015833968,0.017359251,0.0012802179,-0.004535577,0.6085228,3.7177038,1.5952908,100.50936,0.12290178,10.2471285
-0.03597294,0.0066292086,0.017436218,-0.0013552542,4.0,3.3244455,1.6001261,96.719955,0.06836195,11.086165
-0.035828564,0.006626237,0.017315118,-0.0013857774,4.0,3.1631503,1.6001563,86.24715,0.12646423,12.134704
0.015394327,0.01643035,0.00086971314,-0.0054370887,0.6173774,3.816133,1.6099924,100.23463,0.13750716,14.720636
-0.03601541,0.0067255595,0.017517744,-0.0013432067,3.7071068,3.5459719,1.5997319,99.31341,0.11102413,16.524546
-0.035957437,0.006627212,0.017466433,-0.0013456882,0.60822827,2.982836,1.5998751,99.01735,0.09653878,17.115847
-0.03603564,0.0067011165,0.017469985,-0.0013642891,3.7084386,3.5041792,1.5994304,68.958374,0.10256373,14.055479
0.015709108,0.016797405,0.00030816786,-0.004693113,0.60899675,3.7875693,1.598796,100.567314,0.1558415,14.801344
-0.036025822,0.0067248982,0.01735346,-0.0015085159,-0.0029884963,3.2161772,1.6012642,93.843544,0.1004127,11.081634
-0.035974216,0.0066512367,0.017529469,-0.0012924275,-0.004934061,3.021561,1.599708,99.403625,0.110030375,13.604349
-0.03604075,0.0066294353,0.017415509,-0.0014202584,0.5616885,2.882917,1.600024,90.75296,0.08164829,18.256079
-0.03600401,0.006606558,0.017330628,-0.0013718022,4.0,3.8272939,1.5996554,99.23318,0.04596954,10.532158
-0.036014687,0.006660877,0.017357418,-0.001382608,4.0,3.9220312,1.5994922,95.29689,0.08596276,11.686758
-0.03598147,0.0067607234,0.017518332,-0.001419861,4.0,3.9507678,1.5997721,123.88411,0.15347448,10.555312
-0.03599356,0.0065978426,0.01749867,-0.0013014453,0.38894534,2.959223,1.5995355,97.900665,0.097823136,15.636178
-0.0360789,0.0066803517,0.017483857,-0.0014123785,4.0,2.9795792,1.5999117,99.6399,0.12224596,14.687523
-0.03599714,0.006504385,0.01751725,-0.0013293547,0.55039513,3.2944593,1.6028377,99.08019,0.0267759,16.936323
-0.03608518,0.0066933,0.017445348,-0.0013867627,3.710452,3.3801327,1.5985405,69.14131,0.07453411,10.36888
-0.036025893,0.0066523473,0.017468438,-0.0013607991,0.00056104717,3.6199577,1.5993892,99.88096,0.10032246,16.552956
-0.035896447,0.0064680567,0.017210035,-0.0012927632,4.0,3.0922148,1.5507371,100.74932,0.10146712,15.302549
-0.0359579,0.006538665,0.0171396,-0.0013677281,4.0,2.3708413,1.5985994,99.99336,0.10093478,11.446061
-0.036144134,0.0067117456,0.01740399,-0.0014597154,4.0,1.9680649,1.5819708,101.02401,0.12972762,16.062815
-0.03600822,0.006631955,0.017464992,-0.0013304284,4.0,3.504981,1.5997926,96.72749,0.11696945,13.722967
-0.035497267,0.0064869383,0.016595535,-0.0015676463,0.0030036678,2.713723,1.6037409,121.66217,0.09200523,12.08533
-0.026045233,0.010874438,0.015995687,-0.00045961075,0.7994685,3.0761342,1.5774652,106.29537,0.040821403,16.821398
-0.036050912,0.0066715623,0.017438378,-0.0013933453,4.0,2.718063,1.5995383,98.24024,0.06720312,14.609346
-0.035926607,0.0066100406,0.017427556,-0.0013518544,-0.0013987875,3.0174851,1.5993719,99.56938,0.08335555,14.96604
-0.03604672,0.0067404006,0.017667439,-0.0012918855,3.7256405,3.0896072,1.6010777,69.85354,0.25552326,10.454508
-0.035969265,0.006668262,0.017392943,-0.0013643429,3.7079856,3.78162,1.5989789,68.96303,0.09270992,12.987893
-0.035963953,0.0066271196,0.017433245,-0.0013581725,0.0057546766,3.0468795,1.5992633,99.44472,0.07675572,15.656385
-0.03613348,0.006687114,0.01746234,-0.0013922929,0.25962844,3.729973,1.5992911,99.25949,0.109623075,16.543724
-0.035928845,0.006598519,0.01750392,-0.0012946139,0.6282695,2.9345782,1.5998725,99.50816,0.09875895,13.688684
-0.03598088,0.006594563,0.01751464,-0.0012949586,0.57267684,2.89104,1.5996871,97.644295,0.07951752,18.563028
-0.035975743,0.006655751,0.017408337,-0.0013773129,3.9999526,3.7291653,1.5995111,99.68761,0.041090313,12.983253
-0.035992537,0.0066365735,0.017482607,-0.0013366936,0.004882838,2.9926465,1.5995157,99.70061,0.07485642,13.525968
-0.036067676,0.0068977242,0.017470157,-0.0013827345,3.7111983,2.8126543,1.4944805,98.73065,0.0884808,14.492551
0.016515099,0.018168865,0.0015133456,-0.0039880504,0.59172386,3.671693,1.5713354,99.37717,0.21328723,20.010805
-0.035976984,0.006639734,0.017387088,-0.0013631852,4.0,3.6780639,1.599316,99.85328,0.0214535,14.773654
-0.03606349,0.0067106797,0.017401587,-0.0014451916,0.004350031,3.0539532,1.6301665,99.81598,0.09343465,16.470346
0.027071754,0.024788374,0.011023975,0.0046309563,0.5782947,3.054899,1.5044445,66.14859,0.12003151,19.59453
-0.035952162,0.0066225515,0.017354997,-0.0013804357,0.613417,2.8587894,1.5991718,62.159267,0.0537989,16.692068
-0.035950873,0.0066461703,0.017383689,-0.0013628835,4.0,3.7189722,1.5994514,95.864746,0.109014936,11.865537
-0.036019307,0.0067213154,0.017362814,-0.0014316818,4.0,3.945589,1.5993818,100.46907,0.13324311,16.27912
-0.03598328,0.0066269417,0.017476123,-0.0013324147,0.611754,2.8612373,1.599738,98.40763,0.056369033,19.019976
-0.036045186,0.00670443,0.017490298,-0.0013775731,3.9999976,3.9329832,1.5990825,107.70987,0.095830515,16.944979
-0.035970386,0.006608576,0.017452281,-0.0013435845,0.57776755,2.7684824,1.5993619,98.556404,0.08231043,16.986412
-0.035892256,0.0066495454,0.017121756,-0.0014446803,4.0,3.4343421,1.59046,121.36873,0.06892588,17.498047
-0.035908245,0.006443268,0.017455386,-0.0014542401,0.13457802,3.5111747,1.6036757,54.918167,0.059475075,15.721046
-0.03599989,0.0067495783,0.017530227,-0.0012656356,0.0018742131,2.8784878,1.6015241,61.26574,0.066129625,18.70186
-0.036046375,0.0066307215,0.017560441,-0.0013489125,0.69752467,3.5469127,1.599895,98.88247,0.04270484,17.000284
-0.0358857,0.0065613627,0.01742248,-0.0012683056,4.0,3.6903555,1.5991211,97.337944,0.013008605,12.266961
-0.03584503,0.006655538,0.017179735,-0.0014350878,3.959565,4.2429123,1.5983013,67.632866,0.08067504,10.252445
-0.03602291,0.006630481,0.017491253,-0.0013528992,0.59241843,3.5217574,1.5998685,98.86862,0.0771462,15.394678
-0.035826,0.00662679,0.01733747,-0.0013915554,3.6949086,2.4468033,1.5989453,92.23088,0.12660322,12.370408
-0.035927225,0.0066450424,0.017329259,-0.0013659623,3.7064755,4.0200386,1.5987076,68.70009,0.08788791,10.846685
-0.035938863,0.0065866313,0.017428085,-0.0013491123,0.005825277,2.9983234,1.5990163,99.61084,0.0571785,13.431808
-0.035971817,0.006616053,0.017507605,-0.0013397469,0.6065011,2.9831276,1.599715,98.78532,0.09282638,17.458471
-0.03598181,0.0066637164,0.017376622,-0.0014389537,0.0032566274,2.9394183,1.5655081,99.46373,0.06261223,13.246479
-0.03597338,0.0066379374,0.01748098,-0.0013239337,0.58168775,3.0249782,1.5997348,99.26324,0.07640408,15.627327
-0.036062192,0.006778195,0.01730673,-0.0016335357,0.8890883,2.387531,1.5984025,66.21727,0.067371786,11.882159
-0.035941675,0.0065627582,0.017313678,-0.0013485948,4.0,2.9213867,1.6001276,99.80523,0.10340384,12.261617
-0.03585596,0.0066306167,0.017368535,-0.0013461793,3.8046846,3.784374,1.5993581,96.17324,0.15575008,13.369495
0.015021518,0.016696421,-0.00056083594,-0.0063712825,0.5974665,3.6473825,1.5637767,106.70033,0.08512575,16.543753
-0.035899766,0.0065602595,0.017441131,-0.0012905173,0.60637975,2.932114,1.6000704,99.4239,0.057231423,16.351652
0.014831871,0.015931059,-0.00014359211,-0.0046485336,0.60707283,3.7497313,1.6011369,100.59371,0.14351816,11.801185
-0.035984024,0.0066351234,0.017385978,-0.0013537353,0.002038847,3.1551762,1.600569,101.34679,0.07516157,10.455302
-0.03607931,0.0066661094,0.017438412,-0.0014146958,4.0,2.759233,1.599439,99.60403,0.044692695,15.024578
-0.03587971,0.006697864,0.017385934,-0.0013938915,0.9554287,2.9159334,1.5997306,99.91332,0.11927044,11.5036545
0.016923094,0.018527528,0.0021066861,-0.005717004,0.6085327,3.8668547,1.6354737,100.05193,0.09381894,19.932856
-0.03608163,0.0066810213,0.017573057,-0.001334076,3.6998174,3.318503,1.5000777,74.54415,0.1224449,11.144791
0.014800215,0.015683329,-0.00050277304,-0.004809652,0.6032176,3.7534697,1.6032813,100.12561,0.16115496,14.838754
-0.036040638,0.0067014494,0.017691705,-0.0013517803,0.9517316,3.1510746,1.6001564,61.900402,0.08170574,17.900034
-0.03600188,0.0068065044,0.01735899,-0.0015188316,0.0027774465,3.1985755,1.5959418,117.83532,0.12870228,14.103878
-0.03596694,0.006647907,0.017553516,-0.001262267,-0.009136282,3.0145056,1.5995456,99.62498,0.12052761,12.747275
-0.036146034,0.006651297,0.017765798,-0.0011961948,0.95945346,2.91398,1.5996721,61.295517,0.06865291,19.905563
0.01736575,0.018945482,0.00157818,-0.0071978103,0.6059562,3.663337,1.5489002,127.69278,0.15558046,16.968523
-0.035853915,0.006584689,0.017416647,-0.0012806581,4.0,3.9013643,1.5991654,87.19128,0.023898238,12.592649
-0.03592935,0.006640752,0.01742654,-0.0013017791,-0.004478614,3.551412,1.600276,100.60001,0.092417054,11.07648
-0.03598792,0.006583804,0.017446132,-0.0013565819,0.25394985,2.9810677,1.5992821,100.32319,0.03811753,13.431373
-0.035969473,0.006607161,0.017416667,-0.0013646167,0.0071980776,2.9889276,1.5992075,99.40387,0.04744508,12.656909
-0.03618261,0.0068301163,0.017543973,-0.0012775684,4.0,3.4783287,1.5977559,108.76933,0.11787869,17.499489
-0.035968058,0.0067263255,0.017464856,-0.0014437407,0.0072213607,3.0050015,1.5486556,99.39468,0.13559178,12.80733
-0.035848826,0.006935978,0.01675702,-0.0019298379,0.02619482,2.868029,1.5668013,105.24293,0.25475278,12.557053
-0.035923894,0.0067028636,0.017399222,-0.0013832005,4.0,3.7162328,1.5993874,94.02419,0.101417415,12.342411
-0.036007132,0.006756215,0.01740691,-0.0014667177,0.0010532966,2.781337,1.6013778,66.89083,0.094251506,13.748146
-0.036016315,0.0067317877,0.017531183,-0.0013502308,3.999994,3.6376476,1.5997086,87.70844,0.055988196,16.086224
-0.03589906,0.0066340277,0.017444286,-0.0013111741,3.6979117,3.9932346,1.5983907,102.29858,0.11332249,17.638697
-0.03597362,0.006579907,0.01755947,-0.0012793904,4.0,3.0801575,1.5999664,90.8731,0.011752861,11.463077
-0.035943605,0.0066133016,0.01740342,-0.001368441,0.0035974616,2.999616,1.5993247,99.648254,0.0720442,12.375949
-0.036019936,0.0066197887,0.017455785,-0.0013765655,0.5734565,3.202289,1.5964708,97.62112,0.097591534,19.03618
-0.036113244,0.006632341,0.017310202,-0.0015890166,0.4713646,3.063368,1.5997747,86.90513,0.07470874,18.064608
-0.03598076,0.006678129,0.01746368,-0.0013382474,4.0,3.93227,1.599172,95.11789,0.17274322,14.801993
-0.035914004,0.0067293206,0.017174084,-0.0015069488,3.7123094,3.279529,1.5966407,149.65038,0.08501419,17.157873
-0.03598268,0.006613529,0.01747065,-0.0013380803,0.5953668,3.4044237,1.5997397,98.97952,0.0779521,17.007208
-0.035953157,0.0066003753,0.017438985,-0.0013386209,0.002056422,2.9994345,1.5989943,99.4791,0.06813035,14.095217
-0.03597418,0.006601132,0.01732565,-0.0013777473,4.0,3.8137236,1.5996383,91.824715,0.066294596,10.312003
-0.03596488,0.006619994,0.017463677,-0.0013247496,-0.0021671292,3.025324,1.5994949,99.094696,0.0883715,15.771146
-0.036056906,0.0067644794,0.017437628,-0.0014349032,3.490431,3.3342323,1.5994912,77.398415,0.052836377,10.672777
0.014985251,0.015793826,-0.0009811929,-0.005468715,0.60692716,3.7465072,1.6042894,100.43393,0.14144222,17.004534
-0.036000546,0.006655262,0.017464677,-0.0013525805,-0.0014279289,3.040583,1.5995632,99.51996,0.08355282,15.168385
0.013379023,0.016125975,0.002323567,-0.0030797033,0.8248106,3.0781865,1.5970279,101.299194,0.042208266,16.871468
-0.036073156,0.0067825825,0.017478092,-0.0014170938,3.7050512,3.3481364,1.5996977,100.562836,0.13148828,12.769725
-0.036023926,0.006680805,0.0174297,-0.0013690959,-0.0022589096,3.0826464,1.599194,98.86312,0.084409855,17.939863
-0.03603097,0.006720656,0.0175313,-0.0013358037,4.0,2.836452,1.5999026,99.61275,0.14568636,17.861603
0.014574902,0.015021681,-0.0008417665,-0.0047667567,0.60921085,3.7794297,1.6044195,100.26388,0.1603226,15.876429
-0.03594422,0.006670718,0.017476453,-0.0013347692,3.9962316,3.7477534,1.5995017,96.22784,0.061955813,16.078663
-0.035979286,0.006697724,0.017443908,-0.0013762582,4.0,3.808002,1.5996643,96.32614,0.1306328,17.482752
-0.035924237,0.0065861866,0.01743598,-0.0013377371,3.6705825,4.0284014,1.5992162,95.272545,0.10298045,12.452398
0.016333535,0.01772183,0.0004372902,-0.0056889546,0.61319417,3.763822,1.5886625,100.120735,0.13822591,17.35482
-0.035904713,0.006770499,0.017469356,-0.0013698715,0.5760635,3.4475253,1.6002288,42.192966,0.075801656,17.330074
-0.036001485,0.006750853,0.017484812,-0.0013502359,4.0,2.6209633,1.600196,57.22856,0.08465469,10.374192
-0.036020022,0.006648473,0.017489798,-0.0013490372,4.0,3.0349011,1.5998149,98.98798,0.10455516,19.590372
-0.029683406,0.010223193,0.017462283,-5.1390645e-05,0.7492535,3.1113806,1.5802426,111.41483,0.049671568,16.156227
-0.036161598,0.006793079,0.017370567,-0.0015218948,0.017878404,3.236523,1.620717,98.527306,0.0785786,17.402605
-0.03601056,0.006643622,0.017503971,-0.0013270248,0.6523518,3.0456307,1.5998654,99.24745,0.05220928,11.711305
-0.0318187,0.009372244,0.017323118,8.745338e-05,0.7128072,2.9365227,1.5910006,82.21397,0.0379733,18.75237
-0.036223736,0.006706483,0.017457006,-0.001471152,0.539797,2.9136524,1.5997833,74.475975,0.073265254,19.758154
-0.03643878,0.0068910955,0.017967492,-0.0014286049,4.0,1.9720725,1.5986608,98.590775,0.08804192,17.806068
-0.0360118,0.006596465,0.017341515,-0.0013557514,4.0,2.8519452,1.5997587,99.46283,0.08303658,12.451375
-0.036049414,0.0067456053,0.017470118,-0.0014170569,-0.0047257147,2.9111905,1.6341816,99.90993,0.113814056,13.683431
-0.03598912,0.006606119,0.0173644,-0.0013558043,4.0,2.9227607,1.6001275,99.914505,0.12771474,12.633469
-0.03608526,0.0067205867,0.017541487,-0.0013377644,3.7102127,3.4261162,1.5993801,68.92554,0.11442602,10.723198
-0.03600452,0.0066495985,0.017466998,-0.0014092436,0.96905184,2.8391464,1.5998166,100.06698,0.07900711,14.156628
-0.03595973,0.006788379,0.017601784,-0.0013385628,4.0,3.7706032,1.5998975,39.40448,0.13494644,13.565011
-0.036145873,0.0067867935,0.017649509,-0.0013239342,4.0,3.0313773,1.5999097,62.04744,0.061511684,11.835182
-0.03592538,0.0066183074,0.017245226,-0.0014277258,3.674884,3.5461428,1.599501,111.740326,0.099464126,12.649768
-0.035942126,0.0066766287,0.01732224,-0.0013820839,4.0,2.3306327,1.5994998,81.48114,0.052182224,10.243613
-0.03601954,0.006616779,0.017507171,-0.0013377371,0.60170513,3.5369787,1.5999693,98.52935,0.058449145,16.082413
0.016471226,0.018444762,0.0021975953,-0.0041074054,0.592903,3.6391504,1.5795959,98.95863,0.1974278,20.449255
-0.036049817,0.006694779,0.017507324,-0.0013660813,4.0,3.7790225,1.5996331,96.74625,0.10052427,17.606007
-0.036008757,0.0066865603,0.017476134,-0.0013606002,3.9999413,3.9827952,1.599457,99.47214,0.07896158,18.61163
-0.03599814,0.0066808877,0.017567344,-0.0013208865,0.007618976,3.286113,1.5994893,141.79605,0.10498666,13.0321245
-0.036160793,0.006738991,0.017686574,-0.0013301299,2.1811216,3.2198138,1.6003898,102.1271,0.024791026,13.414161
-0.036052294,0.006636236,0.017469421,-0.0013545158,0.36862987,3.4906144,1.5995783,99.18206,0.06098209,14.184072
-0.0361083,0.0066836905,0.01744059,-0.0014488846,0.97700775,3.059631,1.5997232,100.49213,0.08692921,18.349714
-0.036135867,0.0068828464,0.017426908,-0.0014940302,0.008541437,2.8971179,1.5992546,66.50233,0.053595547,14.93608
-0.03597442,0.0066315327,0.017509669,-0.0013040473,-0.002511719,3.0189567,1.5994745,99.73186,0.10590412,13.904813
-0.036010154,0.0066564144,0.01727486,-0.001610487,0.8143531,3.574693,1.5995474,94.31252,0.08022138,17.316397
0.016067564,0.017710984,0.0006732931,-0.0050254394,0.6036119,3.5996313,1.5253196,99.97564,0.18541472,19.926603
-0.0360862,0.006736713,0.017416101,-0.0015067001,0.0039011932,2.9004564,1.5644826,99.879295,0.10104504,17.686762
-0.035965778,0.006604508,0.017442996,-0.0014025015,0.5090511,3.26979,1.570826,97.730156,0.07045458,16.14906
-0.036039777,0.0067541073,0.017407158,-0.0014542608,3.704014,3.3811672,1.5990142,122.13907,0.12496711,14.716297
-0.035940286,0.0066796564,0.017270193,-0.0014478738,-0.0044392576,3.0651283,1.60914,93.78945,0.11251803,13.928095
-0.0367266,0.0069737365,0.01775271,-0.0017254943,0.5445985,2.935714,1.5781094,27.061365,0.023917787,19.115404
-0.036141068,0.0067790914,0.017509297,-0.0014118559,-0.027973197,3.6367376,1.6007109,68.851,0.072413236,15.420724
-0.035895806,0.006607558,0.017343359,-0.0013561589,3.7150538,4.439936,1.5989869,69.95033,0.079173155,13.368018
-0.03613201,0.0067476216,0.017616875,-0.0013794083,3.7075639,3.452993,1.5995142,69.1469,0.1319522,11.604397
-0.0360709,0.00666652,0.017426664,-0.001404551,4.0,2.9418292,1.5997324,100.05754,0.07527517,16.364212
0.016420474,0.018276302,0.0013609277,-0.0027579984,0.5891095,3.5846686,1.5779562,98.59835,0.12814814,14.936523
-0.03604812,0.006700026,0.017356485,-0.001450759,0.36134204,3.2965825,1.6007917,93.832756,0.09756054,11.719742
-0.035867706,0.006618057,0.01736683,-0.001358783,3.6944106,3.5946143,1.5990118,96.83367,0.08622452,10.875634
-0.03605232,0.0067033414,0.017450918,-0.0014181196,0.005517039,3.6221972,1.5962447,99.90137,0.113846004,15.960185
-0.03593449,0.0066804597,0.017339757,-0.0014176717,3.7135105,3.013857,1.5987835,100.607346,0.0630119,10.354942
-0.036074664,0.006669167,0.017466562,-0.0013969826,4.0,2.9593432,1.5998399,99.82354,0.08420436,16.1353
-0.035996415,0.00664203,0.017395366,-0.0013701062,4.0,3.9384174,1.5992594,99.75769,0.06342266,11.050735
-0.035962164,0.0066355546,0.017333262,-0.0013703022,3.9068015,3.835372,1.5986897,68.31827,0.061925415,11.758147
-0.03605338,0.006726011,0.017486585,-0.0014152222,4.0,2.5369048,1.5991378,99.74548,0.09550081,18.340641
-0.03595506,0.0066910814,0.017362762,-0.001340287,3.707309,3.7184632,1.599064,69.36845,0.08943724,17.50612
-0.035993475,0.0066822344,0.017490236,-0.0013734518,3.7079587,2.966717,1.5473907,69.635956,0.10692827,12.298585
-0.036006603,0.006683702,0.017438048,-0.0013307008,3.7058485,3.9379344,1.599179,76.80686,0.060016114,15.612269
0.023719778,0.023062745,0.007934094,0.0008043313,0.59707534,3.5458074,1.5411235,79.52159,0.14805958,15.681889
-0.03594465,0.0065995194,0.01742515,-0.0013666427,0.003896086,3.4543662,1.5993726,99.6934,0.062311497,12.771336
-0.035963997,0.006619275,0.017421344,-0.0013504422,-0.0013643886,3.002747,1.600424,98.64402,0.05674355,17.89746
-0.035999328,0.0065350034,0.017246053,-0.0013900588,4.0,2.8400466,1.6000965,99.78312,0.10113503,10.2169075
-0.03598173,0.0067185475,0.017328613,-0.0015460135,-0.0057337973,2.9459655,1.5579567,99.2309,0.0837557,18.34248
-0.035580195,0.0064301924,0.016917232,-0.0016207867,0.5511744,2.9419408,1.5985061,110.58093,0.09238666,15.753058
0.02525037,0.023758404,0.008824421,0.0031586126,0.5952735,3.3116052,1.5230224,70.378654,0.13069539,14.990032
-0.035951763,0.006609943,0.017456474,-0.0012923765,0.00017845357,3.077292,1.5963776,99.01199,0.0665883,18.557392
-0.036121693,0.0066915937,0.017458467,-0.0014386076,0.5240941,3.6378005,1.5991187,98.468925,0.10556131,16.8314
-0.035859223,0.006548133,0.017257951,-0.0014713088,0.6116082,2.8908315,1.5996473,62.729736,0.058233876,17.000944
-0.036105648,0.006678232,0.017537743,-0.0013236079,0.26814577,2.7701855,1.599119,99.53942,0.072590604,13.609572
-0.035989024,0.0065999087,0.017411234,-0.0013280233,4.0,3.4300175,1.5997888,99.10102,0.026885442,12.899888
-0.035998553,0.0066521727,0.017388655,-0.0013540286,4.0,3.838393,1.5990182,99.030396,0.055789612,14.637541
-0.035939865,0.0066000517,0.017381249,-0.0013617089,0.0038912792,3.0341842,1.5993077,99.5818,0.054062564,12.347692
-0.03603973,0.0066508926,0.017332565,-0.0014039986,4.0,3.9541347,1.5994372,99.96421,0.058260098,12.694825
-0.035935827,0.006624552,0.01739229,-0.0013525536,3.7055924,3.749274,1.5985887,99.148865,0.072446845,12.762929
-0.03595739,0.0066857315,0.01738279,-0.0013996115,4.0,2.911595,1.599889,80.27903,0.10045787,15.0105505
-0.035952292,0.006583248,0.017364878,-0.0013247972,3.8898475,4.074866,1.5982301,97.92411,0.024481708,10.54834
-0.036036763,0.006732225,0.017435217,-0.0014140967,3.7070699,2.9443748,1.6041915,98.93184,0.13117838,13.715778
-0.035924863,0.006665975,0.017458549,-0.0013248137,-0.001929041,2.958632,1.6001122,99.754616,0.10604001,12.624116
-0.035848737,0.006604095,0.017411184,-0.001298181,4.0,3.9470918,1.5991571,87.456276,0.039424412,13.170924
-0.036356576,0.0067618587,0.017906377,-0.0013176963,4.0,1.9574049,1.5990466,99.54482,0.11855251,16.842196
-0.035982825,0.0065075923,0.017202243,-0.0016256535,0.59192854,3.2319474,1.6011429,41.59524,0.0519213,18.114315
-0.03600536,0.0066265473,0.017522655,-0.0013184554,0.46854538,3.0182927,1.5999129,99.72442,0.09236044,14.357308
-0.036086965,0.00665181,0.017321635,-0.0014217835,4.0,3.693479,1.5577905,98.27705,0.045653187,14.17807
-0.035968315,0.0066203955,0.0174766,-0.0013261139,3.7037635,3.350982,1.5993155,98.606674,0.063067205,13.225474
-0.03599126,0.0066943266,0.017368592,-0.001401431,4.0,3.9069443,1.5993968,96.71594,0.116602205,11.921278
-0.03589075,0.006599723,0.017312042,-0.0013860688,0.0044335495,3.031118,1.598865,99.50724,0.04893302,13.233204
-0.03594337,0.006545286,0.017583348,-0.001257183,0.62158626,3.505055,1.6009022,98.718605,0.02584318,14.33481
-0.036018252,0.006668977,0.01746641,-0.0013741166,4.0,3.5678763,1.599976,104.58617,0.10854887,13.899757
0.015344417,0.016547058,0.00028223282,-0.005439351,0.6096731,3.761932,1.618955,100.70701,0.13934995,10.635488
-0.036013793,0.006720911,0.017463459,-0.0014322913,0.00086252554,3.0669942,1.6321667,101.390305,0.1239071,14.821015
-0.03598984,0.0065988787,0.017551696,-0.0012813965,3.7086868,4.25994,1.5990173,96.47377,0.14065576,15.728366
-0.035898067,0.006692015,0.017269118,-0.0013904973,0.57550275,2.6402512,1.5985577,59.713608,0.055160727,18.45263
0.015285389,0.016153812,-0.00017558533,-0.005005993,0.5938115,3.4187596,1.6065074,99.656204,0.06360002,19.551628
-0.03602075,0.0065890877,0.017212935,-0.0016176645,0.93281037,3.1699724,1.6015645,68.43161,0.122281596,15.352472
0.015271654,0.0165617,0.00028774215,-0.005367081,0.59858274,3.7543426,1.6302681,100.10518,0.132031,15.563078
-0.035900082,0.006606294,0.01730284,-0.0014003334,0.0038202282,2.9921908,1.5971402,100.13016,0.045895875,16.39808
-0.035903826,0.0066416063,0.017401032,-0.0013701511,4.0,3.4112813,1.6002016,101.492455,0.10348012,12.250242
-0.03589732,0.006635601,0.017390706,-0.0013351525,0.0013110628,2.8802264,1.5946218,98.70533,0.05277237,17.734028
-0.036029547,0.0066561317,0.017424498,-0.0013959812,4.0,2.856712,1.5999522,99.57354,0.08275349,14.484829
-0.03608803,0.006649119,0.01749772,-0.0013803819,4.0,2.9220312,1.5999348,99.01719,0.06034343,13.926886
-0.036085594,0.0066664466,0.017492525,-0.0014337503,4.0,2.8441148,1.5997448,99.029335,0.047481317,15.712092
-0.035888582,0.006563701,0.017327113,-0.0013761108,0.46659485,3.0206459,1.6003258,102.69943,0.07604744,18.18378
-0.03608537,0.006680977,0.017403757,-0.0014803855,0.97744393,3.8790066,1.6004757,99.33239,0.056311816,16.161642
-0.035974585,0.006574766,0.01740714,-0.0013220205,4.0,2.979582,1.6000003,99.89926,0.10789007,13.655645
-0.035992973,0.006637992,0.017296653,-0.0014057842,4.0,3.8424833,1.5993036,98.734375,0.014119763,11.871708
-0.035914537,0.0065750172,0.017339282,-0.0013341521,4.0,3.1939304,1.5999595,99.50038,0.08636434,11.813043
-0.03594626,0.0065814024,0.017431153,-0.001338221,0.007184108,3.003467,1.600031,99.282845,0.041382108,10.398358
-0.03592442,0.006616209,0.017444452,-0.0013175461,4.0,3.8789825,1.5994284,88.93059,0.052939843,13.558028
-0.036172513,0.0066637597,0.017429711,-0.0016335467,0.57646745,3.3030412,1.6006094,65.11996,0.08030541,19.029055
-0.03611843,0.0068385117,0.017586546,-0.0014663395,4.0,2.2139761,1.5988642,99.18681,0.10453335,18.518045
-0.0359553,0.006627596,0.017406182,-0.0013742775,0.0036665597,3.040977,1.598974,99.52326,0.06509249,16.034115
-0.036041547,0.0066587105,0.017452857,-0.0013318198,4.0,3.8340664,1.5991491,99.653694,0.09481805,13.385401
0.02473933,0.024459321,0.0069697206,0.0036024589,2.3037138,3.3244913,1.5145334,48.77361,0.069947876,15.23011
-0.03589883,0.0065967855,0.017398292,-0.0013733465,4.0,3.0468626,1.6001822,99.355835,0.09701009,15.725349
0.027765086,0.025230072,0.011646312,0.004614269,1.4432354,3.383198,1.4936541,44.623962,0.12196668,15.677224
-0.03594829,0.0066199796,0.017463753,-0.0013428999,0.008373798,2.864203,1.5507383,98.75529,0.05570689,15.677208
-0.035977818,0.006667455,0.017471667,-0.0013403433,0.9867002,2.964255,1.5991745,98.860985,0.07725944,16.767326
-0.03598284,0.0066406108,0.017407283,-0.0013578534,4.0,3.9266696,1.5991839,98.85055,0.07956579,13.070034
-0.036146905,0.0067834975,0.017469123,-0.0014630756,0.011613903,3.5666776,1.5964606,97.3346,0.13341832,19.95282
-0.035854917,0.006623787,0.017165463,-0.001643868,0.35192612,2.9014359,1.5979775,114.90419,0.070022255,17.81916
-0.035994776,0.006677509,0.017391935,-0.0013902088,4.0,3.8511994,1.5996014,100.31355,0.095212,16.857536
-0.035981283,0.0066121607,0.017268261,-0.0014313839,4.0,3.1049035,1.5979887,101.196106,0.06837769,19.086348
-0.035990443,0.0066100787,0.01741606,-0.0013161595,4.0,3.8688848,1.5491738,95.09044,0.022392537,13.260635
-0.03595845,0.0066512767,0.017252428,-0.001411185,4.0,3.1033473,1.5508147,124.43519,0.048793204,13.279744
-0.036068726,0.006685457,0.017492605,-0.0013854351,-0.001803763,3.8028214,1.5994956,99.904366,0.107272744,16.45537
-0.035916187,0.006670571,0.017317558,-0.0013506778,3.7098298,2.971363,1.5988172,98.383766,0.07220989,20.564476
0.014481288,0.015870342,-0.0011363125,-0.0055813924,0.64227337,3.541091,1.619808,72.3274,0.17853859,17.030182
-0.035923813,0.0066358894,0.017381443,-0.0013635544,3.7103534,3.6128848,1.5984946,99.26736,0.06120034,11.865314
-0.03593587,0.0066114725,0.017355483,-0.0013888675,0.0019925812,2.9751077,1.5986074,100.0382,0.049234115,13.962588
-0.035924707,0.006630476,0.017294327,-0.0014039929,0.009438812,2.9083922,1.6009338,100.002716,0.034851402,15.490387
-0.03596876,0.006600821,0.01727341,-0.001356369,4.0,2.841004,1.5608737,98.8454,0.07418141,19.545027
-0.035986185,0.0067117694,0.017373132,-0.0014323357,4.0,4.225944,1.5992138,92.727905,0.11889079,10.545832
0.027656522,0.02500725,0.011653032,0.0045456016,0.85307956,3.365388,1.5033813,53.397213,0.12623812,18.262249
-0.036068242,0.006660593,0.01747252,-0.0013776595,4.0,2.940792,1.6000718,99.490265,0.10165664,14.402559
-0.035985988,0.0066949152,0.01737846,-0.0013549866,0.00069233374,2.925813,1.6325964,99.72143,0.082959935,17.098866
-0.036002208,0.0066041416,0.01744457,-0.0013887878,0.9354645,3.0213084,1.599471,100.00954,0.075709164,17.885296
-0.03600399,0.0066699395,0.017477063,-0.0013397365,3.7110348,3.5562685,1.5995632,68.89224,0.15384506,13.279166
-0.035947356,0.006635304,0.017381243,-0.0013754371,0.6193054,2.4159226,1.5996954,98.31011,0.09852222,13.815043
-0.03595995,0.0066322116,0.01736837,-0.0014016049,1.0057588,3.0332968,1.5995202,98.77173,0.047962397,16.293446
-0.03589975,0.0066638202,0.017410755,-0.0014000189,3.7017927,2.6023552,1.6006815,68.93471,0.16623718,13.344565
0.02598556,0.024513612,0.010764686,0.003319917,1.0980111,3.3175392,1.5199738,57.090603,0.058818538,18.716553
-0.035927616,0.006598715,0.01736143,-0.0013773153,0.0032748033,3.0134892,1.5986159,99.60838,0.05611645,14.524854
-0.036075644,0.006674207,0.017504683,-0.0013537868,4.0,2.9264646,1.6001209,99.39967,0.11648229,13.791864
-0.035969697,0.006680222,0.017463265,-0.0013723291,0.9429328,2.882298,1.5999619,98.27949,0.10061342,18.744081
-0.035982855,0.0066376757,0.017369004,-0.0013763338,3.9999905,4.123496,1.5990821,97.771164,0.09548317,12.365771
-0.03611032,0.0066638202,0.017443676,-0.0013774985,4.0,2.6101255,1.5989828,99.43084,0.051448923,14.140116
-0.036034603,0.0065712994,0.017529912,-0.0012609662,4.0,3.2077942,1.5527974,99.42264,0.07751774,12.988215
-0.035976037,0.006629023,0.017461874,-0.0012884167,-0.010438482,2.9934256,1.598813,98.71839,0.06383329,19.20952
-0.036088236,0.006698252,0.017484926,-0.0013383584,0.16251202,2.9985654,1.5994483,99.398315,0.08854004,12.990965
-0.036045402,0.0066303844,0.017449882,-0.0014027271,0.9774157,3.0436308,1.5996598,100.211494,0.08634121,17.53836
-0.03622279,0.00684931,0.017716989,-0.0013942447,2.3823652,3.7463155,1.5996192,95.443886,0.059628244,11.05475
-0.036050238,0.006761696,0.017518163,-0.0013342503,4.0,3.700526,1.5992428,45.32916,0.06166759,15.102074
0.013357278,0.016078314,0.0019147566,-0.003518589,0.7724297,3.0687678,1.6003478,100.666824,0.055189572,17.816547
-0.0358642,0.0066069504,0.017408218,-0.001311989,3.9999952,3.9225886,1.59895,84.972176,0.038609218,11.115517
-0.03600228,0.006685539,0.017458037,-0.0013519073,3.706718,3.5415833,1.5993633,68.96469,0.090020955,12.145284
-0.036083777,0.0066856206,0.017495655,-0.0014044495,4.0,2.8794782,1.5997838,96.71852,0.056229092,17.364815
0.014539861,0.016038256,-0.00015358813,-0.004478084,0.6050562,3.4543557,1.6068859,100.177635,0.09051705,16.677496
-0.03585605,0.0066161137,0.017282192,-0.0013728144,3.9987533,3.9361038,1.5987792,75.13288,0.038071044,15.217228
-0.03589713,0.006617406,0.017442936,-0.0013061893,3.9999998,3.9625614,1.5993114,86.813156,0.06062688,12.471223
0.014768622,0.015548926,-0.00082363724,-0.004756549,0.6049559,3.7640097,1.6038727,100.10607,0.1412074,15.980919
0.016272895,0.017806103,0.0008335025,-0.0057634255,0.6159626,3.7362611,1.595051,100.00168,0.16519623,18.991194
-0.035995837,0.0067090928,0.01749416,-0.0013535871,3.70616,3.0449517,1.5500997,69.275894,0.09274914,15.078912
-0.0360051,0.006642823,0.017390255,-0.0014258958,0.5852241,2.742004,1.5993508,60.94176,0.05726063,16.346102
-0.036066424,0.006617561,0.017674666,-0.0012910692,3.7014153,3.3182704,1.5170649,80.25225,0.12036002,11.576127
-0.0359756,0.00667096,0.017352197,-0.001411033,3.999839,3.8141327,1.5927238,80.82604,0.052366383,17.452017
-0.03594372,0.0064340644,0.017506415,-0.0013233667,0.50445676,3.3259983,1.607223,99.04506,0.01814911,15.580834
-0.035959072,0.0066218744,0.017248312,-0.0013840919,4.0,3.633359,1.5491306,99.30151,0.03979821,12.110346
-0.03624506,0.006691262,0.017548695,-0.0017207545,0.5752453,2.843895,1.5955275,108.31089,0.05051239,19.206038
-0.035889838,0.006573301,0.017468713,-0.0013694221,0.9747645,2.9925325,1.6004488,61.951775,0.068141796,16.713156
0.015256245,0.016530557,-0.0006612867,-0.0057747755,0.6047785,3.7621598,1.5869976,100.449974,0.11911691,17.098211
0.01462433,0.015344919,-0.00053797144,-0.0048578326,0.6014359,3.7440765,1.6076483,100.14554,0.15771432,15.154155
-0.03606643,0.006657097,0.01751441,-0.0014053602,0.9689976,3.138006,1.6006505,60.86293,0.07820456,16.486067
-0.036016934,0.0066167074,0.017383931,-0.001370135,4.0,3.956079,1.5994341,99.62312,0.0572406,12.524772
-0.036023024,0.006628227,0.017433787,-0.0013667588,4.0,2.948846,1.5999407,98.80539,0.08430675,13.964784
-0.035970572,0.0066333385,0.017499795,-0.0013112441,0.68717194,2.8767786,1.5998883,95.00309,0.1061977,17.8399
-0.035921574,0.006613346,0.017421924,-0.0013213076,4.0,3.59967,1.5997299,92.64202,0.026054995,14.656225
-0.03540334,0.0069366843,0.016505469,-0.0012537331,4.0,2.2014492,1.5029345,79.15226,0.38268566,12.750483
-0.035788864,0.0066583706,0.017371187,-0.0013530947,-0.0067214505,2.820509,1.6008528,57.67085,0.10664827,15.191959
-0.035985947,0.006690729,0.017511137,-0.0013427535,0.40508643,2.9650023,1.6001383,99.91839,0.11810481,11.958611
-0.035760414,0.006776679,0.016961783,-0.0016244476,0.029635008,3.3517613,1.5970587,114.27522,0.12880014,12.470317
-0.035967264,0.0066585722,0.017411156,-0.0013386912,-0.00058508135,3.0076416,1.5999094,99.902725,0.08525437,11.2620535
-0.035923317,0.0065636877,0.017372726,-0.0013806929,0.01209804,2.9350128,1.5672052,98.58982,0.08281475,11.049781
-0.035970226,0.0066649807,0.0173554,-0.0013376067,3.7047374,3.368995,1.597657,148.69923,0.068940185,18.364147
0.014460445,0.01498596,-0.00086151646,-0.004816483,0.6070502,3.7513583,1.6028492,100.39587,0.17262365,12.150011
-0.03610592,0.006714308,0.017710645,-0.0012829702,4.0,3.4930716,1.5998236,76.35719,0.04016701,17.059898
-0.030578734,0.009713604,0.018299261,0.0012463348,1.0125033,2.8926897,1.5827227,91.14217,0.046431545,19.361988
-0.036062982,0.0066852816,0.017346187,-0.001515291,-0.17605196,3.3257673,1.598934,98.61055,0.16074492,16.483938
-0.03607703,0.006690882,0.017289115,-0.0016028634,0.8712901,3.5906034,1.6000776,102.271675,0.06821439,19.141674
-0.03591522,0.0066198623,0.01737622,-0.0013195154,-0.0014741947,2.9122548,1.614671,98.335335,0.05777723,18.443893
-0.035897505,0.0066385157,0.017251072,-0.0014630038,4.0,2.8545816,1.5998535,93.718376,0.08673921,12.589002
-0.036001258,0.0066352445,0.017336693,-0.0014587428,0.49427146,3.3264463,1.5970896,98.520615,0.10872707,16.911072
-0.035933536,0.0066838684,0.017283538,-0.0014438913,0.5007041,3.021739,1.601992,71.98065,0.09688505,11.480355
-0.03607952,0.006670858,0.017564053,-0.0013531046,0.9843643,2.8451245,1.5995065,99.20834,0.031402785,14.833163
-0.0358977,0.0066285534,0.017311517,-0.0015417845,0.9415181,2.6859663,1.6006091,92.66312,0.115633965,13.81846
-0.03594529,0.0065654307,0.017246228,-0.0013874676,0.44948426,2.9237225,1.5719842,99.55447,0.029218255,10.144969
-0.03596874,0.0067012175,0.017301181,-0.0014958456,0.0055551934,3.497834,1.5995322,99.93524,0.09189843,11.441791
-0.035865396,0.006613278,0.017250609,-0.0013976148,3.720587,3.6680255,1.5984699,100.04375,0.0751096,10.3126335
0.014254641,0.016062144,0.0004307168,-0.004771354,0.63736546,3.2040622,1.6115628,102.41984,0.06184496,18.473099
-0.036015894,0.0066586696,0.017521614,-0.0013091798,3.7039704,3.4325342,1.5994507,69.16439,0.093583286,12.963014
-0.035910543,0.006660123,0.017494107,-0.0013429013,0.9147387,3.0618582,1.6004206,97.2299,0.09970574,16.465628
-0.036217302,0.0065620877,0.017518433,-0.001483682,0.9550894,2.9546015,1.6016406,62.164833,0.070148245,15.637103
-0.035978414,0.0066009965,0.017515095,-0.0013678542,0.6148767,3.251346,1.5948985,100.24678,0.07820861,13.458632
-0.036034405,0.006673424,0.017451422,-0.001258318,3.7133825,3.1710083,1.598705,150.5099,0.061787505,18.478079
-0.03595227,0.0066473205,0.017399097,-0.0013553596,4.0,3.7675226,1.556819,99.88303,0.026795091,13.474648
-0.035897538,0.0066730925,0.01719606,-0.0013358655,3.8116372,3.1781154,1.5988919,138.1346,0.12109713,17.93012
0.0087076835,0.0147557445,0.001808825,-0.005136797,0.61494386,3.4764953,1.5766616,104.7575,0.056911618,17.46066
-0.03590855,0.0066352794,0.017322939,-0.0014587202,0.017076565,3.5132875,1.5728773,100.08839,0.046584595,10.835596
-0.0359171,0.006677089,0.0174776,-0.0012912118,3.7069979,3.3699286,1.5989469,98.56345,0.12920912,19.2168
-0.035962317,0.006639017,0.017462505,-0.0013180163,-0.009050961,2.99759,1.599593,98.5828,0.088875346,17.11749
-0.036034435,0.006634626,0.017487375,-0.0013182505,4.0,2.8550544,1.5993313,78.63388,0.088816464,18.668388
-0.035724334,0.006602736,0.017207945,-0.0014587037,0.007900176,3.0409303,1.5995,115.996414,0.103870854,19.788033
-0.035904232,0.0066508227,0.017399445,-0.0013643698,4.0,3.985619,1.5993927,90.53526,0.07665368,11.304223
-0.035925023,0.0065890746,0.017404318,-0.0013161434,0.0032826143,3.002239,1.5788552,98.08062,0.06562518,18.624367
-0.03573088,0.0065324563,0.017350895,-0.0013459664,0.015201299,3.4177446,1.5927559,99.62112,0.05231906,11.967457
-0.036074806,0.0066530104,0.017495267,-0.0013736911,0.009635892,3.5162587,1.5988522,99.21662,0.050016407,12.495013
-0.035993505,0.0067860098,0.017171184,-0.0015443927,3.6304624,3.4775023,1.5990517,36.11202,0.04392578,13.077101
-0.036075648,0.0067462022,0.01749769,-0.001443683,3.7078075,3.4707341,1.5497278,68.518135,0.07745314,13.712644
-0.03613193,0.006669782,0.017546875,-0.0014585629,0.57496095,2.9183292,1.5998974,93.487495,0.06327736,19.854712
-0.03594724,0.006593393,0.017472278,-0.0013187699,0.60770714,2.9277937,1.5999479,98.29282,0.09175718,18.559793
-0.035902504,0.0066363066,0.017459854,-0.0013175664,4.0,3.716221,1.5994773,99.783936,0.043705862,14.873039
-0.035998367,0.0066246456,0.017411541,-0.0013354939,4.0,3.3000364,1.5999964,99.39594,0.0936995,12.67683
-0.03600537,0.0066874004,0.017458634,-0.0013410978,3.7075675,3.5556428,1.5846311,68.892044,0.079663776,15.648439
-0.035954747,0.006595705,0.01744455,-0.0012790967,4.0,4.004208,1.5472654,94.770424,0.03020807,13.358558
-0.035921685,0.0066382363,0.017409673,-0.0013404839,0.9136719,3.0456944,1.599957,99.68882,0.07388711,11.906636
-0.035956614,0.006654812,0.017523985,-0.0013319983,0.58801943,3.0129392,1.5999894,100.11325,0.10072094,11.104482
-0.036012556,0.0066878954,0.017556561,-0.0013109952,4.0,3.8195226,1.5997491,95.63051,0.14294447,18.21868
-0.036073405,0.0068926485,0.01744764,-0.0014510342,0.46138382,2.7321246,1.4944214,95.279045,0.08132073,17.619606
-0.03598212,0.006636691,0.017495606,-0.0012956097,-0.0018503291,3.0656617,1.599626,99.58265,0.10204212,13.438234
0.014730416,0.015494047,-0.0005700915,-0.005618248,0.6041716,3.6988485,1.6178033,100.079475,0.12050794,16.992266
0.027570851,0.025331805,0.01120957,0.006283417,1.964406,3.5659018,1.482757,38.303043,0.12066409,12.867127
-0.035986938,0.006642703,0.017506303,-0.0013195305,3.7031038,3.1579719,1.5999124,70.35807,0.07728543,13.668816
-0.03589497,0.006621625,0.017476972,-0.0013524233,0.99614495,3.2505457,1.6002226,99.800804,0.10821655,13.176442
-0.035991725,0.0066889194,0.017427893,-0.0013706393,3.8587193,3.490089,1.5824205,120.927734,0.06245167,15.099765
-0.03587976,0.0066617825,0.017389093,-0.0013482808,3.9948814,4.1552677,1.5989908,87.4603,0.17179523,15.771143
-0.035914727,0.006623564,0.017413273,-0.0013333953,4.0,3.976964,1.5993934,88.53748,0.07430001,13.401824
0.014821962,0.015496841,-0.00042072468,-0.0046157287,0.6020103,3.731054,1.5974158,100.28301,0.12656471,13.650554
-0.03603046,0.006707807,0.017461907,-0.0013596314,4.0,4.019107,1.5991167,99.501854,0.13151927,16.596806
-0.0359203,0.006723035,0.017302748,-0.0014889416,0.016641395,3.2339132,1.5956293,133.02701,0.11780872,14.000722
-0.036065057,0.006629235,0.01751992,-0.0013413172,0.2452404,3.4705613,1.5993617,100.09132,0.031297177,12.254339
-0.035989955,0.0066407733,0.017527303,-0.0012960625,0.366592,2.970333,1.5999477,100.16417,0.09199438,10.870169
0.023878682,0.02303664,0.008565265,0.0018885204,0.7343737,3.5856671,1.540908,73.523445,0.11577354,19.170364
-0.035961628,0.006635564,0.01741134,-0.0013508374,0.4029685,3.0334108,1.5994978,99.18564,0.061717536,12.346096
-0.03615845,0.006714804,0.017508928,-0.0014182992,0.3693982,3.716314,1.5993441,98.79652,0.111656584,17.03231
-0.035927974,0.006617866,0.017367946,-0.0013457421,3.7009928,4.2840147,1.5989623,68.38627,0.06375486,14.687361
-0.036036633,0.006733782,0.017440084,-0.0014446689,0.54387826,3.1017683,1.6005243,64.78354,0.0795031,13.521234
-0.03602332,0.006655157,0.01756133,-0.0013796132,0.90846336,3.1973503,1.6012226,97.85524,0.043850686,20.382566
-0.03602099,0.006631433,0.017404575,-0.0013694353,4.0,2.9116101,1.599833,99.17059,0.07288097,13.458243
-0.035972785,0.0066778855,0.017469022,-0.0013827255,0.959754,2.5375144,1.5998547,99.975716,0.0995577,13.932682
-0.036013186,0.0066775223,0.017430369,-0.0014094262,4.0,2.5984104,1.5996455,98.72206,0.06858008,16.57509
0.014341813,0.014846852,-0.0010178916,-0.004947822,0.61030966,3.7693202,1.6055391,100.749016,0.19017619,15.037371
-0.03600966,0.006718369,0.017443577,-0.0014239714,0.0060337735,3.0849297,1.5120847,98.03219,0.100082636,15.767753
-0.036058668,0.0066299583,0.017377403,-0.0014450107,0.6204579,3.814444,1.5998385,99.58738,0.056418855,16.676125
-0.03619885,0.007016242,0.017587192,-0.0016640853,4.0,3.2423618,1.6265248,71.91326,0.0823922,14.55029
-0.03600395,0.00670598,0.017545138,-0.0013737313,0.5968101,3.1623366,1.5997897,101.09224,0.115112595,10.188966
-0.03610109,0.00676362,0.01753526,-0.0013613033,3.713389,3.4912846,1.5995051,69.33131,0.12139441,10.912926
-0.03594786,0.006588917,0.017325675,-0.0013536168,4.0,2.934779,1.6000084,99.30087,0.09560499,11.991626
0.015156054,0.015830837,-0.0005209619,-0.0061900583,0.57052076,3.291547,1.6597105,105.85374,0.04834657,18.785196
-0.035983518,0.006595133,0.01737653,-0.0013386379,4.0,3.468011,1.59991,99.4063,0.08189634,11.859172
-0.035918728,0.0067787534,0.017122654,-0.0016410428,0.9248813,2.6308131,1.6016303,76.902725,0.10618412,11.661223
-0.0359243,0.0068358104,0.017172396,-0.0014557518,3.999882,3.2432363,1.4902079,102.88595,0.07622898,13.801044
-0.035802055,0.006661033,0.017395997,-0.0013566692,3.710847,3.448683,1.5605716,70.43264,0.13237987,14.650312
-0.035966363,0.006620908,0.017404143,-0.0013831716,0.005836994,2.9872255,1.599131,99.44984,0.048470896,12.555912
-0.036101244,0.0066738883,0.01748754,-0.0013636281,0.34598157,3.4424832,1.5989283,98.370705,0.09101637,18.469978
-0.0360704,0.0066239564,0.017651986,-0.0012864318,0.80536747,2.9656434,1.6002322,99.54069,0.08095396,13.095382
-0.036118664,0.0067086346,0.01747912,-0.0014128351,4.0,2.854246,1.5996486,98.55059,0.07090312,18.841871
-0.035935298,0.0066223056,0.0173802,-0.0013693046,0.004156556,3.0417733,1.5992057,99.51497,0.07692187,14.780315
-0.0359824,0.006700475,0.017359618,-0.0014065632,4.0,3.8770304,1.5991542,95.459984,0.1554777,14.624016
-0.03585374,0.0066094603,0.017274272,-0.0013890149,3.9781039,3.9567425,1.5985492,72.08938,0.042174652,10.636861
-0.03593103,0.0066426867,0.017461289,-0.0013022451,4.0,3.9795625,1.5988967,90.05659,0.079109505,15.275363
-0.036009707,0.0066389553,0.017465511,-0.0013450396,0.58120203,2.8265872,1.599812,94.72447,0.08880204,16.271385
-0.035923753,0.0066199424,0.017380655,-0.0013419952,4.0,4.0536675,1.599503,88.251945,0.06018907,13.132353
-0.035916112,0.0065674633,0.017360432,-0.0013532382,0.0072025843,3.0476341,1.5995675,100.07239,0.03856655,11.213507
-0.0360417,0.006695274,0.017648427,-0.0012922698,3.7183619,3.2446432,1.600962,70.03019,0.20416614,11.440223
-0.036074325,0.0064847423,0.017049244,-0.0018122644,0.31714654,2.8897288,1.5978016,117.72276,0.09421121,17.226467
-0.035899255,0.006639929,0.017422209,-0.0013297263,3.6970954,4.1317525,1.5990546,91.159515,0.13769501,16.321924
-0.03608498,0.006632976,0.01742223,-0.0013913051,4.0,2.7710762,1.5996058,99.348076,0.056088082,13.399649
-0.03606158,0.0066595417,0.017556127,-0.0013449688,1.1051655,2.833853,1.6003996,101.500084,0.03718362,16.800537
-0.035614405,0.0067492034,0.016839402,-0.0016677576,3.6814096,3.1726239,1.5958359,146.20067,0.09785913,15.051059
-0.035893567,0.0066328617,0.017293772,-0.001406625,3.6243253,2.873012,1.6007484,103.39869,0.030863298,13.513058
-0.035880502,0.0067237304,0.017176615,-0.0014800254,3.7066886,3.2897317,1.5982323,149.43202,0.07094616,17.689297
-0.03598062,0.0066372575,0.017488822,-0.0013263165,-0.00082196796,3.033585,1.5996737,99.28401,0.09278752,13.138772
-0.035990987,0.0065740035,0.01745816,-0.0013427129,0.003176864,3.25034,1.5992892,99.51827,0.046738718,13.452575
-0.035982903,0.0066345083,0.017384198,-0.0013617971,4.0,2.8378336,1.5972039,99.84817,0.08134207,17.197302
-0.03593364,0.0066109817,0.017470293,-0.001389919,0.9395616,3.1504858,1.5504186,99.042946,0.075789146,14.503269
-0.03587536,0.0066714357,0.017296514,-0.0014102138,4.0,2.8742638,1.5999948,74.37012,0.119861774,11.485379
0.0015186585,0.015377803,0.0092075085,-0.00070351694,0.9771881,3.0034633,1.5850918,93.292274,0.03684331,20.276024
0.017069872,0.018986303,0.0026320117,-0.004703169,0.5921071,3.7446501,1.5875628,100.34614,0.14192794,15.939885
-0.036040682,0.0066220313,0.017258259,-0.0016192764,0.24942198,2.7757382,1.599447,105.981865,0.03795101,16.75885
-0.03574618,0.0065594083,0.016656209,-0.0014126741,4.0,3.0851474,1.5828261,90.91449,0.68230385,11.042659
-0.03594193,0.0066192616,0.017389743,-0.0013541216,3.6981287,3.7844973,1.5988517,99.13257,0.066914424,13.108403
-0.035947993,0.006706521,0.01730958,-0.0014160139,3.709239,3.6114972,1.5987347,69.42169,0.1279126,10.366782
-0.035932563,0.0066226507,0.017356433,-0.001388183,3.704541,3.9284534,1.5990015,98.7446,0.05049856,14.847863
-0.035911467,0.006701131,0.0173763,-0.0012788427,3.7017717,2.9155772,1.5988946,69.97126,0.10810403,18.736341
-0.00082647277,-0.009993059,0.019361317,0.009358785,0.5892637,2.9668434,1.3244206,88.93892,0.017938012,17.161982
-0.03598852,0.0066175493,0.017417196,-0.0013326568,4.0,3.2684262,1.5998192,98.74133,0.043664023,14.77986
-0.03591673,0.0065924646,0.017413013,-0.0013065656,-0.007863073,2.9772925,1.5926336,98.10371,0.054336715,19.588194
0.014799779,0.016056031,0.0001795154,-0.005860883,0.60672146,3.7353036,1.6341718,100.15009,0.13396378,10.548446
-0.036111422,0.0067129135,0.017589282,-0.0013304817,4.0,2.852039,1.5998355,85.89665,0.06940457,19.057816
-0.03575261,0.0065897987,0.017235158,-0.0013925998,3.6996617,3.7024984,1.599695,70.18254,0.19913517,12.718353
-0.036018766,0.0066858456,0.017489368,-0.001361461,1.3877856,2.6042452,1.6002157,101.88939,0.041535754,16.945179
-0.036064636,0.00666984,0.017482363,-0.0013981006,0.001356127,3.794605,1.5993172,99.92156,0.11192085,13.858384
-0.03602283,0.0066779125,0.017394774,-0.0013878279,4.0,3.8338273,1.5990274,98.56844,0.06911564,13.295293
-0.03601874,0.006709784,0.017374607,-0.001430256,4.0,2.64767,1.5992264,99.82038,0.10371816,17.05956
-0.035960753,0.006646165,0.017435692,-0.0013556419,3.707462,3.797382,1.5986954,99.22118,0.08740004,16.143162
-0.03601629,0.006680739,0.017413756,-0.0014274042,0.0002449981,3.6249223,1.5993699,99.64389,0.080511265,12.174484
-0.036103632,0.006496255,0.01748596,-0.0014890601,0.93907404,3.2061431,1.600148,59.90897,0.08318951,18.060575
-0.036009606,0.006584753,0.017216263,-0.0014148242,4.0,2.754103,1.5994964,99.53101,0.07985282,10.644098
-0.036147695,0.00671171,0.017429082,-0.0013989061,0.9647718,3.3549688,1.6006997,100.06214,0.03953979,17.329067
-0.035893872,0.0067955777,0.017129023,-0.0015537853,3.7106793,3.1213608,1.5985463,102.72799,0.09742966,10.467544
-0.03594977,0.006617252,0.01738499,-0.0013601767,3.7029955,3.666693,1.5985336,99.03531,0.049651187,12.375319
-0.03600504,0.006738438,0.01739019,-0.0014553405,1.4244326,3.1266887,1.5995114,99.73732,0.06780435,10.818374
-0.018897345,0.012121922,0.014102151,-0.0014615189,0.7598742,3.07588,1.5660022,115.58304,0.06201255,16.68605
-0.036073267,0.006587468,0.017468235,-0.0015167528,0.9099012,3.138505,1.6013638,73.81404,0.095360756,18.374674
-0.035849046,0.0069039664,0.01686372,-0.0016701245,0.20053825,3.1824741,1.5907664,120.792885,0.09615759,14.503366
-0.036153685,0.0067417203,0.017523292,-0.00140134,3.7132125,3.5504222,1.5994048,69.046036,0.060314108,12.883522
-0.03595085,0.0066354377,0.017429926,-0.001322436,3.7050748,4.0849137,1.59905,79.69934,0.076960854,14.8604145
-0.03574013,0.006612205,0.01718616,-0.0014153015,0.0035791355,2.665253,1.5992035,62.329735,0.078129105,16.829382
-0.035990227,0.006711842,0.01744684,-0.001405864,3.7025692,3.3000298,1.5994552,99.4622,0.13688685,13.788575
-0.036054246,0.0065986146,0.017573135,-0.0013287268,0.9696649,3.0441284,1.5995445,61.84707,0.07399713,18.308983
-0.03605967,0.0066965865,0.01743489,-0.0014024004,4.0,2.6729562,1.5993791,99.86866,0.072643526,17.969812
-0.03597668,0.00663111,0.017455962,-0.001360038,0.0017504372,2.9734068,1.5993155,99.606514,0.079347305,13.355782
-0.0359222,0.006618182,0.017410995,-0.0013413125,0.5822519,2.6603496,1.5997828,95.6758,0.10597182,15.4418545
-0.035820115,0.0066210497,0.0173625,-0.0013544563,0.9535273,3.0715816,1.5999023,100.40432,0.13261887,12.1854
-0.03593888,0.0065940158,0.017342715,-0.0013397828,4.0,3.0682735,1.5999379,100.011246,0.12371614,12.690737
-0.035960477,0.006670991,0.017357554,-0.0014080339,4.0,3.809476,1.599663,99.78373,0.1117815,13.361551
-0.036004893,0.006575382,0.017236691,-0.0012420223,4.0,3.1536689,1.5515399,121.93302,0.11413041,19.39794
-0.035943355,0.006638524,0.017406268,-0.0013423342,4.0,3.8080492,1.5994762,91.1855,0.083408356,12.1742325
-0.035940982,0.0065954556,0.017356306,-0.001333723,4.0,3.3327363,1.5998763,99.661385,0.08934129,12.310075
-0.03587601,0.0067947675,0.017236479,-0.0013923708,4.0,3.202186,1.4899337,101.34189,0.11203647,16.783606
-0.03603797,0.0067517823,0.017486712,-0.0013942645,0.012801189,3.1724415,1.6407222,97.27779,0.122386016,15.692292
-0.03601687,0.0066516814,0.017576395,-0.0013347219,0.9534502,2.9651473,1.5996414,99.732086,0.10919516,13.5078
-0.035965256,0.0067311157,0.017350405,-0.0014032733,3.7115195,3.474264,1.5989316,69.15022,0.13717268,10.141049
0.015666973,0.016248945,-0.0006631676,-0.010953244,0.6208893,3.730558,1.6154896,100.87818,0.14980356,11.415314
0.015608144,0.016994825,0.00020960183,-0.0043295487,0.59051526,3.5265262,1.526228,99.580154,0.15388928,21.30457
-0.03598055,0.0066714883,0.017375568,-0.0013988565,3.9999588,3.8356693,1.5993505,99.76408,0.08706819,13.8973465
-0.036014263,0.0066957474,0.017407572,-0.0013790004,3.7118747,3.4318297,1.5988489,69.468895,0.08988566,10.415607
-0.03601862,0.0066583627,0.01748404,-0.0014054249,-0.0015462971,3.3238122,1.5574571,99.60032,0.12586932,15.139911
-0.036139395,0.006712479,0.017476227,-0.0014679665,-0.03967918,3.2026095,1.6002411,93.48906,0.08048564,20.234032
-0.03592862,0.0064885006,0.01722584,-0.0015657397,0.706942,3.3703194,1.6017858,96.74867,0.0244444,15.73141
-0.036006957,0.0066300356,0.017358664,-0.0013656059,4.0,4.0208025,1.5996062,89.67077,0.05709244,10.567899
-0.03594438,0.006647805,0.017265182,-0.001547817,0.3579297,2.9804554,1.5631307,97.93288,0.084631085,17.248152
-0.03591154,0.006658902,0.017386915,-0.0013185886,3.7095935,3.180548,1.5986912,98.629105,0.076957636,19.761131
-0.035977945,0.006638135,0.017461618,-0.0013674443,0.0033925704,2.9714274,1.5999347,99.25489,0.06633762,10.586004
-0.036038518,0.0068118125,0.017376678,-0.0013087842,3.723404,3.872933,1.5974904,13.426157,0.07137884,16.193615
-0.035964888,0.0066270293,0.017440336,-0.0013398876,0.002295712,3.0028434,1.5990083,99.17712,0.06811856,17.387629
-0.035942126,0.006615559,0.0174633,-0.0013317914,-0.002230369,3.0173354,1.599259,99.54864,0.089359045,13.983934
-0.035920046,0.0067199403,0.017053349,-0.0014700051,3.6988924,3.417058,1.5975697,149.89516,0.08453537,18.82032
-0.036078665,0.0067462646,0.017628502,-0.0013277882,2.5421221,3.6222801,1.6000469,99.793335,0.12859012,13.574487
-0.036113195,0.006712491,0.017653786,-0.0012961838,3.7090833,3.5271423,1.5632544,69.06849,0.085723884,14.95149
-0.03605476,0.0067004715,0.017553013,-0.0013357871,4.0,2.8567905,1.5999033,91.47735,0.10132134,19.421282
-0.035912443,0.0065831393,0.017378934,-0.0013734552,0.9185145,2.9793742,1.5994534,100.37831,0.043392252,15.576511
-0.036054783,0.006648627,0.017533014,-0.0012979883,0.3717845,2.9935834,1.5997022,98.27053,0.095132016,13.847715
0.014660649,0.0153847765,-0.00086649763,-0.004999655,0.6096144,3.7602048,1.6082292,100.41866,0.14227314,16.002356
-0.03603511,0.006669345,0.01743546,-0.001353868,4.0,2.513608,1.5993836,99.92861,0.1266832,16.964268
-0.035893947,0.006658413,0.017325005,-0.0013791391,3.7065966,3.8290498,1.599041,69.27341,0.15054247,11.59619
-0.03604371,0.0066996757,0.017479135,-0.001391597,4.0,2.4535809,1.599249,99.549065,0.070716105,18.23544
-0.035939716,0.006638497,0.01737142,-0.0013473672,3.7057066,3.9213185,1.5986545,69.03211,0.0884212,12.550668
-0.035969708,0.006646476,0.017483098,-0.0013390151,0.9794302,2.5402045,1.5991431,99.44503,0.075031884,13.318631
-0.036103286,0.0066534984,0.017546609,-0.0013808573,1.0050057,3.2858686,1.5478411,102.53925,0.04355615,12.5844
-0.03596766,0.0066041434,0.017465658,-0.0013416114,0.0006696515,3.3054073,1.599232,99.78283,0.07606616,14.203185
-0.035901062,0.0066213813,0.017379597,-0.0013491453,3.660654,4.054323,1.597699,98.17694,0.11658897,15.240585
-0.03598678,0.0066438597,0.017415911,-0.0014173468,0.0077875154,2.992663,1.5609431,98.958206,0.119987525,11.700772
0.0142880455,0.01616131,0.0014264546,-0.0034613784,0.74756753,3.0398157,1.5995055,100.74789,0.052110467,16.091257
-0.036135055,0.0066918023,0.017524403,-0.0013574917,4.0,2.697486,1.5996233,93.84028,0.05011963,15.655788
-0.03600709,0.0066190087,0.017493268,-0.0013413569,0.945882,3.050467,1.5999917,99.67434,0.11606546,16.055157
-0.03601354,0.0066380883,0.017358035,-0.0013914119,4.0,2.6368937,1.5992769,99.573296,0.068872474,13.564113
-0.03601133,0.006635303,0.017454058,-0.0013457817,4.0,3.083519,1.5999699,99.84497,0.1473227,13.462126
-0.03600942,0.0066335695,0.017440328,-0.0013175135,4.0,3.4541762,1.5996846,98.98242,0.04497817,14.303912
-0.035980888,0.0067530507,0.017605895,-0.0013707135,4.0,3.8461456,1.5999683,106.392586,0.15738213,11.478025
-0.03607673,0.0067780316,0.017489009,-0.0013821872,0.0004943524,2.900575,1.600878,68.6401,0.08007238,11.650198
0.014534433,0.015761344,-0.00058436964,-0.0053328415,0.59205043,3.6750221,1.6084466,100.094574,0.09601145,16.592712
-0.0359875,0.006711025,0.017453972,-0.0013746222,-0.005770449,3.0802746,1.6040236,109.75437,0.10171088,14.853113
-0.03594344,0.00672753,0.017353272,-0.001422682,3.7095342,3.4989393,1.5987217,101.3613,0.10883864,10.775686
-0.03602482,0.00669528,0.017401008,-0.0014294566,4.0,2.8919368,1.599693,93.1472,0.082509965,16.844501
-0.03593499,0.0066473773,0.017330479,-0.001405721,3.5854697,3.1838822,1.6002665,77.81556,0.030047989,10.927233
-0.03590014,0.0066826902,0.01738225,-0.0013876768,3.997564,3.4032683,1.5561974,72.333466,0.032944128,15.127563
-0.03594667,0.0067298445,0.016851187,-0.0018446082,0.94448084,2.4101312,1.6013091,69.66586,0.13722776,13.06634
-0.03588573,0.006336701,0.01701721,-0.0012039539,4.0,2.3798437,1.5464329,102.49481,0.15664704,10.806256
-0.03597664,0.0066218805,0.017454255,-0.0013376969,0.4509174,3.032847,1.5995225,98.823555,0.08595894,16.110493
-0.035941985,0.00662915,0.017409569,-0.0013493804,3.7078514,3.814627,1.5988246,98.58439,0.07526611,15.096439
-0.035728782,0.006647167,0.017158993,-0.0013644657,3.7211852,3.1927645,1.597975,25.004633,0.11377568,13.990855
-0.036045007,0.0067211655,0.017481053,-0.0013863662,4.0,2.6384919,1.5995686,100.08055,0.12581545,18.092115
-0.035963863,0.006627554,0.017519156,-0.0013361719,0.59186864,3.0308726,1.6002371,100.03873,0.083479874,10.522036
-0.03587767,0.006660668,0.017385254,-0.0013660917,4.0,3.7636194,1.5996573,85.73569,0.118396126,13.8018675
-0.035895836,0.0065966253,0.01738526,-0.0013458446,0.96228284,3.3206313,1.5997361,99.52787,0.08692742,10.821644
-0.036002632,0.006643765,0.017477794,-0.0013453134,3.7067983,3.1020215,1.5993726,98.39738,0.053133894,14.003258
-0.03599745,0.0066813715,0.017432082,-0.0013639462,3.7108943,3.460462,1.5991961,69.358986,0.13214387,11.792746
-0.03574981,0.0065789064,0.017143708,-0.0013786373,3.653979,3.9956455,1.5992392,95.08619,0.0923571,11.164567
-0.035967052,0.0065949666,0.0173598,-0.0013469541,4.0,3.9500184,1.599557,98.93143,0.08570267,11.944869
-0.03586786,0.006625655,0.017340751,-0.0013448579,0.6090637,2.520095,1.5991606,96.708786,0.08295195,18.328358
-0.036018472,0.0066741216,0.017493011,-0.0013301942,-0.001960736,3.0086641,1.5996138,99.407166,0.094001666,12.169991
-0.0359888,0.0066670813,0.017316332,-0.0014406907,4.0,3.6358824,1.5995107,98.47077,0.114203356,10.765962
-0.036338348,0.007149799,0.01777631,-0.0015577857,0.90640485,2.4258986,1.5998894,99.21405,0.07192393,10.019289
0.015595252,0.016936105,0.00042490585,-0.0074366,0.61839664,3.6544807,1.6483611,98.67609,0.040520668,16.865335
-0.036230467,0.0066247554,0.01752786,-0.0014443719,0.9514862,3.977221,1.6069939,97.98996,0.059666626,16.180685
-0.035942793,0.0065981834,0.01740223,-0.0013947064,0.008033865,3.0284476,1.5603312,98.27502,0.08673647,11.062248
-0.03608092,0.006713596,0.017565757,-0.0013541759,3.7135081,3.4604478,1.5996788,69.00078,0.12675829,11.0701065
-0.036038626,0.0067451126,0.017389184,-0.0014201036,0.44082493,3.004669,1.5996354,91.340645,0.092083305,15.087712
-0.036299326,0.006791158,0.017668324,-0.001230547,0.35313806,3.5348864,1.5998014,46.617435,0.05227925,11.237264
-0.03590491,0.0065971664,0.017328195,-0.001329597,4.0,2.962819,1.5932697,99.71316,0.11038868,14.533199
-0.03595536,0.0066311695,0.017447786,-0.001389757,0.960596,2.6211832,1.5997808,99.80062,0.09858433,16.380564
-0.036000136,0.006680257,0.01747238,-0.001355131,0.00021555628,2.9507985,1.634892,99.486496,0.10999473,16.024973
-0.036054585,0.0066780243,0.017523492,-0.0013113096,3.7104492,3.440833,1.5995333,69.08941,0.095288284,12.835966
0.024181807,0.023173222,0.008430659,0.0023905465,0.67228717,3.4949515,1.5332172,71.13564,0.15852308,15.243051
-0.035893627,0.0064693796,0.017688077,-0.0011400988,0.61384076,3.4912372,1.6008468,98.04604,0.021347534,15.950063
-0.03608494,0.006661848,0.017489096,-0.0013806226,0.4820114,3.6084654,1.5993909,98.68188,0.093312465,17.670433
-0.036043767,0.006654964,0.01749487,-0.0013504102,4.0,3.0226784,1.6002091,99.63204,0.1485378,13.834461
-0.035973836,0.006630358,0.017500928,-0.0013678324,-1.5922624e-05,3.0431914,1.5532187,99.486465,0.08713113,14.902025
-0.035972048,0.006630213,0.01744059,-0.0013639586,0.96779245,3.2608924,1.5996853,98.83408,0.05865023,15.206107
-0.035995215,0.0067461715,0.01745524,-0.0014011251,0.007138593,3.1502745,1.6093535,107.65615,0.11497266,15.435756
-0.035851408,0.0066084107,0.01739911,-0.0013260384,0.00010965581,2.9606335,1.5987403,99.854675,0.07937507,16.861526
-0.036137827,0.006763141,0.017612115,-0.0013529445,4.0,2.8562043,1.5996895,69.42027,0.06672597,15.5048
-0.035936825,0.0065973937,0.017420363,-0.0013587079,3.7042754,2.996767,1.600117,72.56849,0.05584814,13.110727
-0.036089387,0.0066900933,0.017544188,-0.001365687,4.0,2.9587798,1.6001856,99.47462,0.15516411,13.65779
-0.036007434,0.0065982337,0.017327793,-0.001361834,4.0,2.7255075,1.5994897,99.64867,0.084308535,12.678188
-0.035954874,0.006485577,0.017017793,-0.0017017704,0.49182191,2.8875754,1.5992901,116.54024,0.06403521,18.07891
-0.036128376,0.0069485456,0.0175116,-0.0014821107,4.0,2.780324,1.5991796,66.23609,0.110134795,12.300947
0.016713237,0.018917525,0.0017608034,-0.0059787757,0.61000234,3.801755,1.563577,99.91225,0.18671231,19.195768
-0.035875335,0.0066359974,0.017395485,-0.0013309402,3.99887,3.9754467,1.5991808,88.07939,0.10673457,12.766395
-0.035985313,0.006660911,0.017388368,-0.0013620233,4.0,3.9709458,1.5993557,99.774864,0.10863279,12.112689
-0.036000974,0.006627291,0.017484711,-0.0013442072,3.70329,3.0540361,1.5996263,91.71262,0.050815746,14.372305
-0.0359936,0.0066477796,0.017463798,-0.0013661861,3.697358,3.6643143,1.5171348,74.51081,0.12495353,13.340674
-0.035943586,0.006678625,0.017410452,-0.0013768078,3.702176,3.6780398,1.599159,99.44124,0.099049315,14.179161
-0.035935342,0.0066464404,0.017411182,-0.0013559388,0.8364066,3.02068,1.6002139,99.71364,0.11791373,13.188042
0.016848538,0.018365156,0.0012771448,-0.005407633,0.6068029,3.7619207,1.6082559,100.36053,0.14628938,18.285126
0.014599959,0.015996821,6.0210412e-05,-0.005012888,0.6242699,3.5430424,1.5923451,101.77454,0.06695316,18.079979
-0.035965763,0.0066404557,0.017421957,-0.0013195315,3.7054307,4.1319714,1.599016,68.96584,0.08838818,13.767975
-0.035975046,0.0066432506,0.017415764,-0.0013576971,3.7060394,2.8556287,1.5995748,96.93697,0.05517539,15.692131
-0.035879467,0.00656792,0.017426746,-0.0013243321,0.0064567747,2.8839018,1.553871,98.40331,0.055828232,15.744205
-0.036079198,0.006634766,0.017365867,-0.0013909218,4.0,4.0376945,1.5606668,98.00464,0.054086283,15.017341
-0.036011845,0.006659317,0.017484121,-0.0013296455,3.7048137,3.4464955,1.599493,69.302666,0.09523703,13.212206
-0.03612309,0.006774326,0.01769485,-0.0012771019,4.0,2.4647102,1.600124,61.744984,0.10146485,11.466386
0.016015185,0.017043162,0.00034114745,-0.0050733755,0.60481703,3.719568,1.5974754,99.83682,0.16048734,16.720314
0.014780779,0.0153577095,-0.0006410591,-0.005026565,0.6035338,3.7414086,1.6049066,99.82936,0.15166578,15.901879
-0.036061104,0.006681804,0.017507331,-0.0013521386,-0.0014866624,2.9699597,1.6304907,98.8154,0.086025454,14.710425
-0.036063623,0.006693801,0.017469529,-0.001393004,0.009827564,3.7050714,1.599465,99.670296,0.103136,13.67932
0.014654504,0.015387424,-0.0005824914,-0.004825598,0.6071329,3.769036,1.6132448,100.36053,0.15875897,15.55014
-0.03599591,0.0066056796,0.017435176,-0.0013824111,0.004512562,3.4069428,1.5993574,99.08309,0.04603772,12.082153
-0.03601906,0.0066491035,0.017499367,-0.0013267995,0.44208694,3.0395525,1.599685,99.150375,0.09532452,15.696787
0.014624863,0.0154169435,-0.000600152,-0.0049795723,0.6055482,3.7369463,1.6025796,100.26078,0.17319128,11.9257765
-0.035945315,0.006442653,0.017122405,-0.0011443637,4.0,3.835934,1.54602,100.38527,0.108702995,10.988341
-0.035931565,0.006638566,0.017344516,-0.001353182,3.7033513,4.1694355,1.5987487,68.72407,0.079123095,12.904147
-0.035898253,0.00669403,0.017422434,-0.0013861235,3.9999993,3.6885679,1.5998473,66.53196,0.08759755,13.680568
-0.036182556,0.006763628,0.01757243,-0.0014191433,0.8875977,2.3448443,1.5993378,99.65515,0.055491857,14.602728
0.014520731,0.015016053,-0.0007929825,-0.0045640175,0.6083332,3.7797318,1.6013066,100.41358,0.16788472,11.813599
-0.035947245,0.006592431,0.017433003,-0.0013192855,3.6907785,4.092522,1.5990604,95.71464,0.1009001,11.979546
-0.035927285,0.0066015236,0.017476447,-0.0013384197,0.9557981,2.8979683,1.600165,62.042847,0.071363464,18.697779
-0.036077812,0.0067267725,0.017370341,-0.0015222871,3.7256598,3.4209301,1.5993303,70.09746,0.074468076,10.051739
-0.03608424,0.006682461,0.017516261,-0.0013845678,4.0,2.913791,1.599686,99.19188,0.05482757,20.052958
-0.035894874,0.00661414,0.01745667,-0.0012786062,-0.004641445,2.9851232,1.5997769,97.74561,0.102284335,20.058788
-0.035886437,0.0066047083,0.017308595,-0.0014196226,0.005512082,2.6515892,1.5978464,99.12686,0.052287117,15.789485
-0.036009666,0.0066518406,0.017437017,-0.0013045822,4.0,3.2668521,1.5568925,119.710785,0.05057723,14.028902
-0.03609868,0.0066212933,0.017425597,-0.0013531273,4.0,2.8128986,1.5994738,99.36489,0.07684451,14.16558
-0.035973545,0.006729303,0.017240964,-0.0014466278,3.7004707,3.3325582,1.5960774,148.60806,0.062087525,18.913061
-0.035784204,0.00667049,0.017188588,-0.0014500555,-0.00434252,2.6240287,1.599071,59.56212,0.06152515,16.973124
-0.035886567,0.006623884,0.01726983,-0.0014153577,3.7082038,2.9168994,1.5993425,98.04711,0.074929014,14.956628
-0.035978332,0.0066861934,0.017394884,-0.001388054,4.0,3.9144046,1.599259,99.99411,0.0798533,16.879684
-0.036070555,0.006694978,0.017453788,-0.0014328801,0.004146642,3.8021326,1.5992205,100.20555,0.1256003,13.593372
-0.036073234,0.006694375,0.017551586,-0.0013512217,4.0,3.861289,1.5992671,104.534744,0.07405423,13.178017
-0.03584621,0.0065454976,0.017184526,-0.0013402753,4.0,3.1868234,1.5482411,99.881,0.093553245,17.823723
-0.0360611,0.006683755,0.01737882,-0.0014357237,0.61186147,3.6742268,1.599387,99.08665,0.09599965,15.6130085
-0.03601637,0.006998559,0.017159916,-0.0016208249,3.999978,3.8902068,1.6010889,22.040163,0.027496807,15.7391205
-0.03589131,0.006655421,0.017303737,-0.0013988533,3.7158828,3.4216862,1.5979007,100.96006,0.043707173,10.045959
-0.035978165,0.006642501,0.01744133,-0.0013445613,-0.0029997623,2.966201,1.6162134,98.71397,0.0908626,15.751978
-0.03606526,0.006692514,0.017444005,-0.0014437113,0.9538651,3.8271177,1.5997274,99.89942,0.101270564,19.47785
-0.036047105,0.00670866,0.017440662,-0.0013851627,3.7094781,3.5323348,1.5989397,69.66452,0.13395496,11.201955
-0.033069123,0.009354744,0.017618595,-0.0006334415,0.58161515,2.7633412,1.5843525,122.189476,0.051429372,17.137545
-0.03590847,0.0066342205,0.01743579,-0.0013564568,3.7045872,3.0195355,1.6001655,69.64842,0.2097894,12.294898
-0.0360555,0.0066402196,0.017503869,-0.0013168185,0.3812269,2.954405,1.5991383,97.186966,0.07474772,18.483149
-0.035984483,0.0066731656,0.01742811,-0.0014670542,0.9361048,3.0834434,1.6013383,85.89558,0.10859154,15.4225025
-0.036078464,0.006759494,0.017557705,-0.0014476641,0.93830746,2.385827,1.599578,99.91792,0.07423683,10.859962
-0.036062766,0.0067074476,0.01751469,-0.0013267056,0.0011130816,2.9760375,1.6302465,98.712814,0.096235305,12.695132
0.014699077,0.015944125,5.2808544e-05,-0.0044536716,0.604441,3.6903782,1.6010661,100.058945,0.12519681,10.784737
-0.035963263,0.006588039,0.017174356,-0.0014525069,4.0,2.6244035,1.5992327,99.41822,0.064955175,10.162102
-0.036236096,0.007390484,0.01715698,-0.0014539133,3.9992435,2.924278,1.5505266,84.564316,0.66111785,18.456358
-0.036077045,0.006748738,0.017548643,-0.0013697007,4.0,3.0263188,1.5998675,65.87247,0.099074826,13.7212715
0.017362341,0.018899508,0.0025624707,-0.0034870012,0.5869136,3.782254,1.5849423,99.37915,0.17486253,14.291516
0.014861353,0.014760452,-0.0015725632,-0.0056713154,0.61309135,3.6954165,1.6206471,100.65396,0.19375724,15.3873625
-0.03599977,0.0066640936,0.017497413,-0.0013270535,-0.0038107648,3.014994,1.5992483,97.55285,0.093758024,15.9958315
-0.03589111,0.006648272,0.016980186,-0.0015531068,3.7014577,3.3471024,1.5535572,99.92823,0.032257788,10.383222
-0.035963096,0.006647908,0.017459868,-0.0013371927,-0.0014387444,3.0235147,1.5994503,99.47814,0.0824549,13.518133
-0.03580668,0.0065793125,0.017299045,-0.0013424598,3.999658,3.9719396,1.599666,94.28408,0.13006411,12.941088
-0.03600036,0.006657332,0.0174767,-0.0013232443,3.7093177,3.56847,1.5990117,68.98575,0.089651085,11.616398
-0.0362126,0.0068561984,0.017426012,-0.0015415957,0.8974541,3.4267101,1.599251,114.40412,0.04745128,10.350492
-0.035989232,0.0065640155,0.017256077,-0.0014249544,4.0,2.8390954,1.600108,99.69394,0.105011925,10.178469
0.018579332,0.020024726,0.0037645637,-0.0014663493,0.5933378,3.6590734,1.5702122,92.81497,0.17280507,21.379269
-0.036087222,0.0067193285,0.017612454,-0.0013469441,3.70791,3.5341659,1.5517824,69.40692,0.08381947,15.059625
-0.03599781,0.006775387,0.01745375,-0.0014023376,-0.0030278522,2.9614828,1.6020294,78.48759,0.09586794,11.120667
-0.03600516,0.0066947057,0.017417682,-0.0014075887,4.0,3.9339943,1.5996693,101.100815,0.11363622,16.89695
-0.03598873,0.0065290607,0.017640453,-0.0012086959,0.5775947,3.391251,1.600746,98.49773,0.041832436,14.693372
-0.03593574,0.0066050533,0.01744205,-0.0014100245,0.006224845,3.4294024,1.5561838,99.67093,0.083382495,11.308123
-0.035859365,0.006588032,0.017253682,-0.0013743578,3.7025046,2.4175463,1.6002204,88.41556,0.05547255,14.627631
-0.035963044,0.006720789,0.017257495,-0.0014815937,0.6118557,2.9017453,1.600548,64.53959,0.05910139,12.283067
-0.03584424,0.006504406,0.017166125,-0.0013285228,4.0,2.8670306,1.5978663,99.86514,0.09660172,11.09434
-0.036010057,0.0065853656,0.017370295,-0.0013906688,4.0,2.9383612,1.6001072,99.24296,0.06311203,12.044248
-0.03592518,0.0065933634,0.017480224,-0.0012728806,4.0,3.958948,1.5994312,84.829605,0.028522022,11.245826
-0.035952393,0.006648325,0.017359024,-0.0014666695,0.004950434,3.477438,1.5784248,99.400635,0.06574688,11.118507
-0.03598579,0.006654163,0.017389525,-0.0013736502,-0.00563015,2.925814,1.6129079,98.56617,0.060755257,17.913568
-0.03595951,0.006604815,0.017502174,-0.0013209181,0.97953373,3.072428,1.599824,99.66879,0.07862902,12.975289
-0.03595712,0.0066622435,0.017397884,-0.001371525,4.0,3.7718449,1.5991557,99.543015,0.057843264,14.726625
-0.035941035,0.006566124,0.017229019,-0.0013936574,4.0,2.872016,1.5997815,99.58337,0.072502874,11.625205
-0.036142033,0.0067632645,0.017684124,-0.0013110014,2.720891,3.372271,1.5996143,89.82686,0.047669172,12.98996
-0.035925023,0.0066669704,0.017505804,-0.001355607,0.0012939386,2.3236225,1.5995609,100.53594,0.12756538,13.831011
-0.035982743,0.006659115,0.017392559,-0.0013922598,4.0,4.109084,1.5995848,88.56983,0.062035672,10.382893
-0.035918564,0.006628541,0.017396364,-0.0013490414,3.9999988,3.6709776,1.5993156,99.36173,0.026623566,15.5728655
-0.03612482,0.0065056644,0.017719042,-0.0012721157,0.93422335,3.5595565,1.6010352,61.18227,0.05007958,16.99173
-0.035869975,0.0065735443,0.017372096,-0.0013320553,3.7114983,2.9509673,1.5999898,98.55924,0.06566202,11.163566
-0.03597915,0.0066580987,0.017295718,-0.0015090026,0.9349365,2.482412,1.5994438,62.054607,0.08301513,14.68716
0.014904207,0.015668552,-0.00040132552,-0.0050060684,0.59940535,3.6966116,1.6017896,99.58757,0.135785,10.399104
-0.03611128,0.006674356,0.017577529,-0.0013886825,0.9450585,3.1250103,1.6005045,95.74386,0.08797576,19.785435
-0.035943773,0.006676828,0.017403187,-0.0013628132,3.7050097,3.0423129,1.5994477,98.58304,0.08586203,13.957803
-0.035932235,0.006562863,0.017230796,-0.0013990992,4.0,2.6730194,1.5510901,100.80676,0.102017336,17.652813
-0.036093403,0.0066690543,0.017445996,-0.0013874756,4.0,2.61561,1.599316,99.46393,0.05296404,14.14851
-0.03591057,0.0065673254,0.017195337,-0.0013926583,4.0,2.8920825,1.6000515,100.1806,0.1293729,10.273045
-0.03616317,0.006682868,0.017542446,-0.0014455324,0.9752965,3.259791,1.6014085,66.02113,0.060805082,12.386323
-0.035933085,0.0065934537,0.017449014,-0.0013279472,3.67393,4.0569606,1.5992093,95.19264,0.10896141,13.886496
-0.035940904,0.0066808467,0.01740004,-0.0013897906,3.7092412,3.353588,1.599265,98.75633,0.09816618,15.55547
-0.0360739,0.0066992524,0.017485835,-0.0014413965,3.7086258,3.4482832,1.5497558,68.66681,0.06694422,13.089072
-0.035919785,0.006592583,0.0174378,-0.0013352437,0.6251163,2.673706,1.5997585,99.05303,0.07222228,16.86063
-0.036095336,0.0066413595,0.017450826,-0.0013341082,4.0,4.1800466,1.5652356,97.86608,0.04414844,12.658097
-0.035994124,0.0066092005,0.017394112,-0.0013811433,0.3082687,3.0401454,1.5989939,99.10822,0.06915474,16.105776
-0.03599965,0.006722358,0.017357828,-0.0014189644,3.710508,3.56469,1.6003692,112.76233,0.10085158,16.508602
-0.035861425,0.006616469,0.017422237,-0.0013026975,0.001886831,2.9783323,1.6000878,99.78907,0.09832114,10.667766
0.012527869,0.015554858,0.0020387592,-0.0038174922,0.72847545,3.2234368,1.5983663,99.795334,0.057023663,18.483286
-0.035986878,0.006654403,0.017450394,-0.0013410283,4.0,3.6594415,1.599742,87.97,0.095304735,18.832945
-0.036050685,0.0066714645,0.017428376,-0.001415947,4.0,2.9635398,1.5997494,99.86858,0.068299375,17.098602
-0.035905063,0.0066148196,0.017302409,-0.0013955577,3.993842,3.767068,1.5991914,99.625145,0.05086843,12.023322
-0.036059,0.006632635,0.017460713,-0.0013343679,1.0386909,3.4901857,1.599281,103.90528,0.060738567,16.344671
-0.035955943,0.0066426424,0.017442578,-0.0013421506,3.7003825,3.1320364,1.5999156,69.05441,0.084601164,13.538869
-0.036043342,0.0066347877,0.01749784,-0.0013683168,0.59917533,3.498077,1.5994707,99.59393,0.09325978,14.595245
-0.036020774,0.006614835,0.017399762,-0.0013540022,4.0,3.8702645,1.5994489,95.19291,0.02557606,11.8303585
-0.036025655,0.0065836916,0.017350836,-0.0013153054,4.0,4.1323524,1.5455133,95.74236,0.033278238,12.510508
-0.035896514,0.0066591552,0.017439067,-0.0013695383,3.9999988,3.7471495,1.5997438,108.25638,0.12032498,15.488176
-0.03608651,0.0067892615,0.017076971,-0.0014853784,3.70244,2.2718422,1.5627499,61.691578,0.03891794,10.055659
-0.036002886,0.0066188364,0.017467929,-0.0013407398,0.44738114,2.944472,1.5995324,95.72939,0.10424311,17.61516
-0.03603898,0.006625506,0.017502116,-0.0013665482,0.0052911183,3.1572847,1.5820696,100.812126,0.049529843,13.430884
-0.035762567,0.0065097185,0.017158087,-0.0014997653,0.36997524,2.8161805,1.5991843,113.6086,0.08337761,19.148533
0.024764925,0.02433937,0.009915854,0.002596241,1.6531175,3.4344513,1.5235155,51.625496,0.0631901,17.500984
-0.035967138,0.006657698,0.017499497,-0.0013239516,-0.002418887,2.950388,1.6033183,99.074326,0.08892338,16.201345
-0.03592476,0.0065818727,0.01747428,-0.0013000421,0.62503356,2.9752083,1.6000184,99.44687,0.07493974,15.962303
-0.035846915,0.0065536043,0.017384142,-0.001321708,0.6057153,2.8988075,1.5998665,98.3746,0.07263423,17.705141
-0.03595468,0.00657558,0.017468413,-0.0013469994,0.59868556,3.3743298,1.5949084,98.56672,0.07588903,17.948847
-0.036138684,0.00672744,0.017490733,-0.0014058579,3.711196,3.5200977,1.598638,69.435555,0.08438828,10.551999
